,,Item Classification,,,,Attribute Classification,,,,,,Connection with Alliance companies validation items,,,Structure of Evaluation item (Japanese),,,,,,,,,,Structure of Evaluation item (English),,,,,,,,,,Application,,,Deployment,,,,,,,,Achievement,,,,,,,,Digital Phase Evaluation,,,,,,,,,,,,,,,,,,,,,,,,,,,Physical Phase Confirmation,,,,,,,,,,,,,,,,,Physical Phase Evaluation,,,,,,,,,,,,,,,,,,,,,,,,,,,,,,,,,,,,,Market,EUR,EUR,EUR,EUR,EUR,EUR,EUR,EUR,EUR,EUR,EUR,EUR,EUR,EUR,EUR,EUR,TAIWAN,TAIWAN,TAIWAN,TAIWAN,,
,,,,,,,,,,,,,,,Performance Targets,,Vehicle Targets,,,Component Targets,,,,,Performance Targets,,Vehicle Targets,,,Component Targets,,,,,Development pattern,,,Section name,,Person in charge,,,,,,Section name,,Person in charge,,,,,,Digital,,,,,,,,,,,,,,,,,,,,,,,,,,,Physical Confirmation,,,,,,,,,,,,,,,,,Physical,,,,,,,,,,,,,,,,,,,,,,,,,,,,,,,,,,,,,Engine,7DQ,7DQ,7DQ,7DQ,7DQ,7DQ,7DQ,7DQ,7DQ,7DQ,7DQ,7DQ,7DQ,7DQ,7DQ,7DQ,7DQ,7DQ,7DQ,7DQ,,
,,,,,,,,,,,,,,,,,,,,,,,,,,,,,,,,,,,,,,,,,,,,,,,,,,,,,,Section name,,Person in charge,,,,DPFC,,,,,,,DS,,,,,,,DC,,,,,,,Section name,,Person in charge,,,,PFC,,,,,,,,,,,Section name,,Person in charge,,,,VC,,,,,,,,,,PT1,,,,,,,,,,PT2,,,,,,,,,,,Gearbox,ATM (FOR EV),ATM (FOR EV),ATM (FOR EV),ATM (FOR EV),ATM (FOR EV),ATM (FOR EV),ATM (FOR EV),ATM (FOR EV),ATM (FOR EV),ATM (FOR EV),ATM (FOR EV),ATM (FOR EV),ATM (FOR EV),ATM (FOR EV),ATM (FOR EV),ATM (FOR EV),ATM (FOR EV),ATM (FOR EV),ATM (FOR EV),ATM (FOR EV),,
,,,,,,,,,,,,,,,,,,,,,,,,,,,,,,,,,,,,,,,,,,,,,,,,,,,,,,,,,,,,,Evaluation result,,,,,,,Evaluation result,,,,,,,Evaluation result,,,,,,,,,,,,,PLAN,,Evaluation result,,,,,,,,,,,,,,,PLAN,Evaluation result,,,,,,,,,PLAN,Evaluation result,,,,,,,,,PLAN,Evaluation result,,,,,,,,,Axle,2WD,2WD,2WD,2WD,AWD,AWD,AWD,AWD,2WD,2WD,2WD,2WD,AWD,AWD,AWD,AWD,2WD,2WD,AWD,AWD,,
,,,,,,,,,,,,,,,,,,,,,,,,,,,,,,,,,,,,,,,,,,,,,,,,,,,,,,,,,,,,,First time,,,,Counter Measures,,,First time,,,,Counter Measures,,,First time,,,,Counter Measures,,,,,,,,,,,First time,,,,,Counter Measures,,,,,,,,,,,First time,,,,,Counter Measures,,,,,First time,,,,,Counter Measures,,,,,First time,,,,,Counter Measures,,,,Handle,LHD,LHD,LHD,LHD,LHD,LHD,LHD,LHD,RHD,RHD,RHD,RHD,RHD,RHD,RHD,RHD,LHD,LHD,LHD,LHD,,
Actions,CADICS No.,SNT,Regulations,PEP,Other,Good Design,Y0,Y0 No.,CAR recurrence prevention,Solution,Solution No.,Common Validation item,Procedure,Requirement,Step 1,Step 2,Step 1,Step 2,Step 3,Level 1,Level 2,Level 3,Level 4,Comment,Step 1,Step 2,Step 1,Step 2,Step 3,Level 1,Level 2,Level 3,Level 4,Comment,Digital evaluation,PF evaluation,Physical evaluation,KCA Project group,Team,Manager name,ID or Mail account,Name of person in charge,ID or Mail account,Target value,Comment,KCA Project group,Team,Manager name,ID or Mail account,Name of person in charge,ID or Mail account,Agreement of target,Comment,KCA Project group,Team,Manager name,ID or Mail account,Evaluation Responsible,ID or Mail account,Evaluate or not,Result(OK/NOK),Report No.,	Number of Q-BASE,Q-BASE number,Result(OK/NOK),Comment,Evaluate or not,Result(OK/NOK),Report No.,	Number of Q-BASE,Q-BASE number,Result(OK/NOK),Comment,Evaluate or not,Result(OK/NOK),Report No.,	Number of Q-BASE,Q-BASE number,Result(OK/NOK),Comment,KCA Project group,Team,Manager name,ID or Mail account,Evaluation Responsible,ID or Mail account,Evaluate or not,Confirmation first time date,Feedback timing,Result(OK/NOK),Confirmation completion date,Report No.,Number of Q-BASE,Q-BASE number,Result(OK/NOK),Confirmation completion date,Comment,KCA Project group,Team,Manager name,ID or Mail account,Evaluation Responsible,ID or Mail account,Evaluate or not,Confirmation first time date,Result(OK/NOK),Confirmation completion date,Report No.,Number of Q-BASE,Q-BASE number,Result(OK/NOK),Confirmation completion date,Comment,Evaluate or not,Confirmation first time date,Result(OK/NOK),Confirmation completion date,Report No.,Number of Q-BASE,Q-BASE number,Result(OK/NOK),Confirmation completion date,Comment,Evaluate or not,Confirmation first time date,Result(OK/NOK),Confirmation completion date,Report No.,Number of Q-BASE,Q-BASE number,Result(OK/NOK),Confirmation completion date,Comment,Common or unique applied validation,Lead Company,CONF-001,CONF-002,CONF-003,CONF-004,CONF-005,CONF-006,CONF-007,CONF-008,CONF-009,CONF-010,CONF-011,CONF-012,CONF-013,CONF-014,CONF-015,CONF-016,CONF-017,CONF-018,CONF-019,CONF-020,,
,MSTR-009-0096600,,,,,,,,,,,,,,,,,,,,,,,,,,,,,,,,,,,,,,,,,,,,,,,,,,,,,,,,,,,,,,,,,,,,,,,,,,,,,,,,関連表1_L(車両信頼性)_XQ5.xlsx,,,,,,YES,,,,,,,,,,,関連表1_L(車両信頼性)_XQ5.xlsx,,,,,,YES,,,,,,,,,,YES,,,,,,,,,,,,,,,,,,,,,,,,,,,,,,,,,,,,,,,,,,要望仕様が存在しない,SUSPENSION TYPE: ALL
,MSTR-009-0096700,,,,,,,,,,,,,,,,,,,,,,,,,,,,,,,,,,,,,,,,,,,,,,,,,,,,,,,,,,,,,,,,,,,,,,,,,,,,,,,,関連表1_L(車両信頼性)_XQ5.xlsx,,,,,,YES,,,,,,,,,,,関連表1_L(車両信頼性)_XQ5.xlsx,,,,,,YES,,,,,,,,,,YES,,,,,,,,,,,,,,,,,,,,,,,,,,,,,,,,,,,,,,,,,,要望仕様が存在しない,SUSPENSION TYPE: ALL
,MSTR-009-0096800,,,,,,,,,,,,,,,,,,,,,,,,,,,,,,,,,,,,,,,,,,,,,,,,,,,,,,,,,,,,,,,,,,,,,,,,,,,,,,,,,,,,,,,,,,,,,,,,,関連表1_L(車両信頼性)_XQ5.xlsx,,,,,,YES,,,,,,,,,"axle: 2wd, engine: 7dq, trans: atm (for ev)",,,,,,,,,,,,,,,,,,,,,,,1,*,*,*,,,,,*,*,*,*,,,,,,,,,,
,MSTR-009-0096800-d0001,,,,,,,,,,,,,,,,,,,,,,,,,,,,,,,,,,,,,,,,,,,,,,,,,,,,,,,,,,,,,,,,,,,,,,,,,,,,,,,,関連表1_L(車両信頼性)_XQ5.xlsx,,,,,,YES,,,,,,,,,,"axle: 2wd, engine: 7dq, trans: atm (for ev)",,,,,,,,,,,,,,,,,,,,,,,,,,,,,,,,,,,,,,,,,,*,,,,,,,,1,,,,,,,,,,
,MSTR-009-0096800-d0002,,,,,,,,,,,,,,,,,,,,,,,,,,,,,,,,,,,,,,,,,,,,,,,,,,,,,,,,,,,,,,,,,,,,,,,,,,,,,,,,,,,,,,,,,,,,,,,,,関連表1_L(車両信頼性)_XQ5.xlsx,,,,,,YES,,,,,,,,,"axle: awd, engine: 7dq, trans: atm (for ev)",,,,,,,,,,,,,,,,,,,,,,,,,,,1,*,*,*,,,,,*,*,*,*,,,,,,
,MSTR-009-0096800-d0003,,,,,,,,,,,,,,,,,,,,,,,,,,,,,,,,,,,,,,,,,,,,,,,,,,,,,,,,,,,,,,,,,,,,,,,,,,,,,,,,関連表1_L(車両信頼性)_XQ5.xlsx,,,,,,YES,,,,,,,,,,"axle: awd, engine: 7dq, trans: atm (for ev)",,,,,,,,,,,,,,,,,,,,,,,,,,,,,,,,,,,,,,,,,,,,,,1,,,,,,,,*,,,,,,
,MSTR-009-0096900,,,,,,,,,,,,,,,,,,,,,,,,,,,,,,,,,,,,,,,,,,,,,,,,,,,,,,,,,,,,,,,,,,,,,,,,,,,,,,,,,,,,,,,,,,,,,,,,,関連表1_L(車両信頼性)_XQ5.xlsx,,,,,,YES,,,,,,,,,"axle: 2wd, engine: 7dq, trans: atm (for ev)",,,,,,,,,,,,,,,,,,,,,,,1,*,*,*,,,,,*,*,*,*,,,,,,,,,,
,MSTR-009-0096900-d0001,,,,,,,,,,,,,,,,,,,,,,,,,,,,,,,,,,,,,,,,,,,,,,,,,,,,,,,,,,,,,,,,,,,,,,,,,,,,,,,,関連表1_L(車両信頼性)_XQ5.xlsx,,,,,,YES,,,,,,,,,,"axle: 2wd, engine: 7dq, trans: atm (for ev)",,,,,,,,,,,,,,,,,,,,,,,,,,,,,,,,,,,,,,,,,,*,,,,,,,,1,,,,,,,,,,
,MSTR-009-0096900-d0002,,,,,,,,,,,,,,,,,,,,,,,,,,,,,,,,,,,,,,,,,,,,,,,,,,,,,,,,,,,,,,,,,,,,,,,,,,,,,,,,,,,,,,,,,,,,,,,,,関連表1_L(車両信頼性)_XQ5.xlsx,,,,,,YES,,,,,,,,,"axle: awd, engine: 7dq, trans: atm (for ev)",,,,,,,,,,,,,,,,,,,,,,,,,,,1,*,*,*,,,,,*,*,*,*,,,,,,
,MSTR-009-0096900-d0003,,,,,,,,,,,,,,,,,,,,,,,,,,,,,,,,,,,,,,,,,,,,,,,,,,,,,,,,,,,,,,,,,,,,,,,,,,,,,,,,関連表1_L(車両信頼性)_XQ5.xlsx,,,,,,YES,,,,,,,,,,"axle: awd, engine: 7dq, trans: atm (for ev)",,,,,,,,,,,,,,,,,,,,,,,,,,,,,,,,,,,,,,,,,,,,,,1,,,,,,,,*,,,,,,
,MSTR-009-0097000,,,,,,,,,,,,,,,,,,,,,,,,,,,,,,,,,,,,,,,,,,,,,,,,,,,,,,,,,,,,,,,,,,,,,,,,,,,,,,,,関連表1_L(車両信頼性)_XQ5.xlsx,,,,,,YES,,,,,,,,,,,関連表1_L(車両信頼性)_XQ5.xlsx,,,,,,YES,,,,,,,,,,,,,,,,,,,,,,,,,,,,,,,,,,,,,,,,,,,,,,,,,,,,要望仕様が存在しない,SUSPENSION TYPE: ALL
,MSTR-009-0097100,,,,,,,,,,,,,,,,,,,,,,,,,,,,,,,,,,,,,,,,,,,,,,,,,,,,,,,,,,,,,,,,,,,,,,,,,,,,,,,,関連表1_L(車両信頼性)_XQ5.xlsx,,,,,,YES,,,,,,,,,,,関連表1_L(車両信頼性)_XQ5.xlsx,,,,,,YES,,,,,,,,,,,,,,,,,,,,,,,,,,,,,,,,,,,,,,,,,,,,,,,,,,,,要望仕様が存在しない,SUSPENSION TYPE: ALL
,MSTR-009-0097200,,,,,,,,,,,,,,,,,,,,,,,,,,,,,,,,,,,,,,,,,,,,,,,,,,,,,,,,,,,,,,,,,,,,,,,,,,,,,,,,関連表1_L(車両信頼性)_XQ5.xlsx,,,,,,YES,,,,,,,,,,,関連表1_L(車両信頼性)_XQ5.xlsx,,,,,,YES,,,,,,,,,,,,,,,,,,,,,,,,,,,,,,,,,,,,,,,,,,,,,,,,,,,,要望仕様が存在しない,SUSPENSION TYPE: ALL
,MSTR-009-0097300,,,,,,,,,,,,,,,,,,,,,,,,,,,,,,,,,,,,,,,,,,,,,,,,,,,,,,,,,,,,,,,,,,,,,,,,,,,,,,,,関連表1_L(車両信頼性)_XQ5.xlsx,,,,,,YES,,,,,,,,,,,関連表1_L(車両信頼性)_XQ5.xlsx,,,,,,YES,,,,,,,,,,,,,,,,,,,,,,,,,,,,,,,,,,,,,,,,,,,,,,,,,,,,要望仕様が存在しない,SUSPENSION TYPE: ALL
,MSTR-009-0097400,,,,,,,,,,,,,,,,,,,,,,,,,,,,,,,,,,,,,,,,,,,,,,,,,,,,,,,,,,,,,,,,,,,,,,,,,,,,,,,,関連表1_L(車両信頼性)_XQ5.xlsx,,,,,,YES,,,,,,,,,,,関連表1_L(車両信頼性)_XQ5.xlsx,,,,,,YES,,,,,,,,,,,,,,,,,,,,,,,,,,,,,,,,,,,,,,,,,,,,,,,,,,,,要望仕様が存在しない,SUSPENSION TYPE: ALL
,MSTR-009-0097500,,,,,,,,,,,,,,,,,,,,,,,,,,,,,,,,,,,,,,,,,,,,,,,,,,,,,,,,,,,,,,,,,,,,,,,,,,,,,,,,関連表1_L(車両信頼性)_XQ5.xlsx,,,,,,YES,,,,,,,,,,,関連表1_L(車両信頼性)_XQ5.xlsx,,,,,,YES,,,,,,,,,,,,,,,,,,,,,,,,,,,,,,,,,,,,,,,,,,,,,,,,,,,,要望仕様が存在しない,SUSPENSION TYPE: ALL
,MSTR-009-0097600,,,,,,,,,,,,,,,,,,,,,,,,,,,,,,,,,,,,,,,,,,,,,,,,,,,,,,,,,,,,,,,,,,,,,,,,,,,,,,,,関連表1_L(車両信頼性)_XQ5.xlsx,,,,,,YES,,,,,,,,,,,関連表1_L(車両信頼性)_XQ5.xlsx,,,,,,YES,,,,,,,,,,,,,,,,,,,,,,,,,,,,,,,,,,,,,,,,,,,,,,,,,,,,要望仕様が存在しない,SUSPENSION TYPE: ALL
,MSTR-009-0097700,,,,,,,,,,,,,,,,,,,,,,,,,,,,,,,,,,,,,,,,,,,,,,,,,,,,,,,,,,,,,,,,,,,,,,,,,,,,,,,,関連表1_L(車両信頼性)_XQ5.xlsx,,,,,,YES,,,,,,,,,,,関連表1_L(車両信頼性)_XQ5.xlsx,,,,,,YES,,,,,,,,,,,,,,,,,,,,,,,,,,,,,,,,,,,,,,,,,,,,,,,,,,,,要望仕様が存在しない,SUSPENSION TYPE: ALL
,MSTR-009-0097800,,,,,,,,,,,,,,,,,,,,,,,,,,,,,,,,,,,,,,,,,,,,,,,,,,,,,,,,,,,,,,,,,,,,,,,,,,,,,,,,関連表1_L(車両信頼性)_XQ5.xlsx,,,,,,YES,,,,,,,,,,,関連表1_L(車両信頼性)_XQ5.xlsx,,,,,,YES,,,,,,,,,,,,,,,,,,,,,,,,,,,,,,,,,,,,,,,,,,,,,,,,,,,,要望仕様が存在しない,SUSPENSION TYPE: ALL
,MSTR-009-0097900,,,,,,,,,,,,,,,,,,,,,,,,,,,,,,,,,,,,,,,,,,,,,,,,,,,,,,,,,,,,,,,,,,,,,,,,,,,,,,,,関連表1_L(車両信頼性)_XQ5.xlsx,,,,,,YES,,,,,,,,,,,関連表1_L(車両信頼性)_XQ5.xlsx,,,,,,YES,,,,,,,,,,,,,,,,,,,,,,,,,,,,,,,,,,,,,,,,,,,,,,,,,,,,要望仕様が存在しない,SUSPENSION TYPE: ALL
,MSTR-009-0098000,,,,,,,,,,,,,,,,,,,,,,,,,,,,,,,,,,,,,,,,,,,,,,,,,,,,,,,,,,,,,,,,,,,,,,,,,,,,,,,,関連表1_L(車両信頼性)_XQ5.xlsx,,,,,,YES,,,,,,,,,,,関連表1_L(車両信頼性)_XQ5.xlsx,,,,,,YES,,,,,,,,,,,,,,,,,,,,,,,,,,,,,,,,,,,,,,,,,,,,,,,,,,,,要望仕様が存在しない,SUSPENSION TYPE: ALL
,MSTR-009-0098100,,,,,,,,,,,,,,,,,,,,,,,,,,,,,,,,,,,,,,,,,,,,,,,,,,,,,,,,,,,,,,,,,,,,,,,,,,,,,,,,関連表1_L(車両信頼性)_XQ5.xlsx,,,,,,YES,,,,,,,,,,,関連表1_L(車両信頼性)_XQ5.xlsx,,,,,,YES,,,,,,,,,,,,,,,,,,,,,,,,,,,,,,,,,,,,,,,,,,,,,,,,,,,,要望仕様が存在しない,SUSPENSION TYPE: ALL
,MSTR-009-0098200,,,,,,,,,,,,,,,,,,,,,,,,,,,,,,,,,,,,,,,,,,,,,,,,,,,,,,,,,,,,,,,,,,,,,,,,,,,,,,,,関連表1_L(車両信頼性)_XQ5.xlsx,,,,,,YES,,,,,,,,,,,関連表1_L(車両信頼性)_XQ5.xlsx,,,,,,YES,,,,,,,,,,,,,,,,,,,,,,,,,,,,,,,,,,,,,,,,,,,,,,,,,,,,要望仕様が存在しない,SUSPENSION TYPE: ALL
,MSTR-009-0098300,,,,,,,,,,,,,,,,,,,,,,,,,,,,,,,,,,,,,,,,,,,,,,,,,,,,,,,,,,,,,,,,,,,,,,,,,,,,,,,,関連表1_L(車両信頼性)_XQ5.xlsx,,,,,,YES,,,,,,,,,,,関連表1_L(車両信頼性)_XQ5.xlsx,,,,,,YES,,,,,,,,,,,,,,,,,,,,,,,,,,,,,,,,,,,,,,,,,,,,,,,,,,,,要望仕様が存在しない,SUSPENSION TYPE: ALL
,MSTR-009-0098400,,,,,,,,,,,,,,,,,,,,,,,,,,,,,,,,,,,,,,,,,,,,,,,,,,,,,,,,,,,,,,,,,,,,,,,,,,,,,,,,関連表1_L(車両信頼性)_XQ5.xlsx,,,,,,YES,,,,,,,,,,,関連表1_L(車両信頼性)_XQ5.xlsx,,,,,,YES,,,,,,,,,,,,,,,,,,,,,,,,,,,,,,,,,,,,,,,,,,,,,,,,,,,,要望仕様が存在しない,SUSPENSION TYPE: ALL
,MSTR-009-0098500,,,,,,,,,,,,,,,,,,,,,,,,,,,,,,,,,,,,,,,,,,,,,,,,,,,,,,,,,,,,,,,,,,,,,,,,,,,,,,,,関連表1_L(車両信頼性)_XQ5.xlsx,,,,,,YES,,,,,,,,,,,関連表1_L(車両信頼性)_XQ5.xlsx,,,,,,YES,,,,,,,,,,,,,,,,,,,,,,,,,,,,,,,,,,,,,,,,,,,,,,,,,,,,要望仕様が存在しない,SUSPENSION TYPE: ALL
,MSTR-009-0098600,,,,,,,,,,,,,,,,,,,,,,,,,,,,,,,,,,,,,,,,,,,,,,,,,,,,,,,,,,,,,,,,,,,,,,,,,,,,,,,,関連表1_L(車両信頼性)_XQ5.xlsx,,,,,,YES,,,,,,,,,,,関連表1_L(車両信頼性)_XQ5.xlsx,,,,,,YES,,,,,,,,,,,,,,,,,,,,,,,,,,,,,,,,,,,,,,,,,,,,,,,,,,,,要望仕様が存在しない,SUSPENSION TYPE: ALL
,MSTR-009-0098700,,,,,,,,,,,,,,,,,,,,,,,,,,,,,,,,,,,,,,,,,,,,,,,,,,,,,,,,,,,,,,,,,,,,,,,,,,,,,,,,関連表1_L(車両信頼性)_XQ5.xlsx,,,,,,YES,,,,,,,,,,,関連表1_L(車両信頼性)_XQ5.xlsx,,,,,,YES,,,,,,,,,,,,,,,,,,,,,,,,,,,,,,,,,,,,,,,,,,,,,,,,,,,,要望仕様が存在しない,SUSPENSION TYPE: ALL
,MSTR-009-0098800,,,,,,,,,,,,,,,,,,,,,,,,,,,,,,,,,,,,,,,,,,,,,,,,,,,,,,,,,,,,,,,,,,,,,,,,,,,,,,,,関連表1_L(車両信頼性)_XQ5.xlsx,,,,,,YES,,,,,,,,,,,関連表1_L(車両信頼性)_XQ5.xlsx,,,,,,YES,,,,,,,,,,,,,,,,,,,,,,,,,,,,,,,,,,,,,,,,,,,,,,,,,,,,要望仕様が存在しない,SUSPENSION TYPE: ALL
,MSTR-009-0098900,,,,,,,,,,,,,,,,,,,,,,,,,,,,,,,,,,,,,,,,,,,,,,,,,,,,,,,,,,,,,,,,,,,,,,,,,,,,,,,,関連表1_L(車両信頼性)_XQ5.xlsx,,,,,,YES,,,,,,,,,,,関連表1_L(車両信頼性)_XQ5.xlsx,,,,,,YES,,,,,,,,,,,,,,,,,,,,,,,,,,,,,,,,,,,,,,,,,,,,,,,,,,,,要望仕様が存在しない,SUSPENSION TYPE: ALL
,MSTR-009-0099000,,,,,,,,,,,,,,,,,,,,,,,,,,,,,,,,,,,,,,,,,,,,,,,,,,,,,,,,,,,,,,,,,,,,,,,,,,,,,,,,,,,,,,,,,,,,,,,,,関連表1_L(車両信頼性)_XQ5.xlsx,,,,,,YES,,,,,,,,,,YES,,,,,,,,,,,,,,,,,,,,,,,,,,,,,,,,,,,,,,,,,,要望仕様が存在しない,SUSPENSION TYPE: ALL
,MSTR-009-0099100,,,,,,,,,,,,,,,,,,,,,,,,,,,,,,,,,,,,,,,,,,,,,,,,,,,,,,,,,,,,,,,,,,,,,,,,,,,,,,,,,,,,,,,,,,,,,,,,,関連表1_L(車両信頼性)_XQ5.xlsx,,,,,,YES,,,,,,,,,,YES,,,,,,,,,,,,,,,,,,,,,,,,,,,,,,,,,,,,,,,,,,要望仕様が存在しない,SUSPENSION TYPE: ALL
,MSTR-009-0099200,,,,,,,,,,,,,,,,,,,,,,,,,,,,,,,,,,,,,,,,,,,,,,,,,,,,,,,,,,,,,,,,,,,,,,,,,,,,,,,,,,,,,,,,,,,,,,,,,関連表1_L(車両信頼性)_XQ5.xlsx,,,,,,YES,,,,,,,,,,YES,,,,,,,,,,,,,,,,,,,,,,,,,,,,,,,,,,,,,,,,,,要望仕様が存在しない,SUSPENSION TYPE: ALL
,MSTR-009-0099300,,,,,,,,,,,,,,,,,,,,,,,,,,,,,,,,,,,,,,,,,,,,,,,,,,,,,,,,,,,,,,,,,,,,,,,,,,,,,,,,,,,,,,,,,,,,,,,,,関連表1_L(車両信頼性)_XQ5.xlsx,,,,,,YES,,,,,,,,,,YES,,,,,,,,,,,,,,,,,,,,,,,,,,,,,,,,,,,,,,,,,,要望仕様が存在しない,SUSPENSION TYPE: ALL
,MSTR-009-0099400,,,,,,,,,,,,,,,,,,,,,,,,,,,,,,,,,,,,,,,,,,,,,,,,,,,,,,,,,,,,,,,,,,,,,,,,,,,,,,,,,,,,,,,,,,,,,,,,,関連表1_L(車両信頼性)_XQ5.xlsx,,,,,,YES,,,,,,,,,,YES,,,,,,,,,,,,,,,,,,,,,,,,,,,,,,,,,,,,,,,,,,要望仕様が存在しない,SUSPENSION TYPE: ALL
,MSTR-009-0099500,,,,,,,,,,,,,,,,,,,,,,,,,,,,,,,,,,,,,,,,,,,,,,,,,,,,,,,,,,,,,,,,,,,,,,,,,,,,,,,,,,,,,,,,,,,,,,,,,関連表1_L(車両信頼性)_XQ5.xlsx,,,,,,YES,,,,,,,,,,YES,,,,,,,,,,,,,,,,,,,,,,,,,,,,,,,,,,,,,,,,,,要望仕様が存在しない,SUSPENSION TYPE: ALL
,MSTR-009-0099600,,,,,,,,,,,,,,,,,,,,,,,,,,,,,,,,,,,,,,,,,,,,,,,,,,,,,,,,,,,,,,,,,,,,,,,,,,,,,,,,,,,,,,,,,,,,,,,,,関連表1_L(車両信頼性)_XQ5.xlsx,,,,,,YES,,,,,,,,,,YES,,,,,,,,,,,,,,,,,,,,,,,,,,,,,,,,,,,,,,,,,,要望仕様が存在しない,SUSPENSION TYPE: ALL
,MSTR-009-0099700,,,,,,,,,,,,,,,,,,,,,,,,,,,,,,,,,,,,,,,,,,,,,,,,,,,,,,,,,,,,,,,,,,,,,,,,,,,,,,,,,,,,,,,,,,,,,,,,,関連表1_L(車両信頼性)_XQ5.xlsx,,,,,,YES,,,,,,,,,,YES,,,,,,,,,,,,,,,,,,,,,,,,,,,,,,,,,,,,,,,,,,要望仕様が存在しない,SUSPENSION TYPE: ALL
,MSTR-009-0099800,,,,,,,,,,,,,,,,,,,,,,,,,,,,,,,,,,,,,,,,,,,,,,,,,,,,,,,,,,,,,,,,,,,,,,,,,,,,,,,,,,,,,,,,,,,,,,,,,関連表1_L(車両信頼性)_XQ5.xlsx,,,,,,YES,,,,,,,,,,YES,,,,,,,,,,,,,,,,,,,,,,,,,,,,,,,,,,,,,,,,,,要望仕様が存在しない,SUSPENSION TYPE: ALL
,MSTR-009-0099900,,,,,,,,,,,,,,,,,,,,,,,,,,,,,,,,,,,,,,,,,,,,,,,,,,,,,,,,,,,,,,,,,,,,,,,,,,,,,,,,,,,,,,,,,,,,,,,,,関連表1_L(車両信頼性)_XQ5.xlsx,,,,,,YES,,,,,,,,,,YES,,,,,,,,,,,,,,,,,,,,,,,,,,,,,,,,,,,,,,,,,,要望仕様が存在しない,SUSPENSION TYPE: ALL
,MSTR-009-0100000,,,,,,,,,,,,,,,,,,,,,,,,,,,,,,,,,,,,,,,,,,,,,,,,,,,,,,,,,,,,,,,,,,,,,,,,,,,,,,,,,,,,,,,,,,,,,,,,,関連表1_L(車両信頼性)_XQ5.xlsx,,,,,,YES,,,,,,,,,,YES,,,,,,,,,,,,,,,,,,,,,,,,,,,,,,,,,,,,,,,,,,要望仕様が存在しない,SUSPENSION TYPE: ALL
,MSTR-009-0101100,,,,,,,,,,,,,,,,,,,,,,,,,,,,,,,,,,,,,,,,,,,,,,,,,,,,,,,,,,,,,,,,,,,,,,,,,,,,,,,,,,,,,,,,,,,,,,,,,関連表1_L(車両信頼性)_XQ5.xlsx,,,,,,YES,,,,,,,,,"axle: 2wd, engine: 7dq, trans: atm (for ev)",YES,,,,,,,,,"axle: 2wd, engine: 7dq, trans: atm (for ev)",,,,,,,,,,,,,1,*,*,*,,,,,*,*,*,*,,,,,,,,,,
,MSTR-009-0101100-d0001,,,,,,,,,,,,,,,,,,,,,,,,,,,,,,,,,,,,,,,,,,,,,,,,,,,,,,,,,,,,,,,,,,,,,,,,,,,,,,,,,,,,,,,,,,,,,,,,,関連表1_L(車両信頼性)_XQ5.xlsx,,,,,,YES,,,,,,,,,"axle: awd, engine: 7dq, trans: atm (for ev)",YES,,,,,,,,,"axle: awd, engine: 7dq, trans: atm (for ev)",,,,,,,,,,,,,,,,,1,*,*,*,,,,,*,*,*,*,,,,,,
,MSTR-009-0101200,,,,,,,,,,,,,,,,,,,,,,,,,,,,,,,,,,,,,,,,,,,,,,,,,,,,,,,,,,,,,,,,,,,,,,,,,,,,,,,,,,,,,,,,,,,,,,,,,関連表1_L(車両信頼性)_XQ5.xlsx,,,,,,YES,,,,,,,,,"axle: 2wd, engine: 7dq, trans: atm (for ev)",YES,,,,,,,,,"axle: 2wd, engine: 7dq, trans: atm (for ev)",,,,,,,,,,,,,1,*,*,*,,,,,*,*,*,*,,,,,,,,,,
,MSTR-009-0101200-d0001,,,,,,,,,,,,,,,,,,,,,,,,,,,,,,,,,,,,,,,,,,,,,,,,,,,,,,,,,,,,,,,,,,,,,,,,,,,,,,,,,,,,,,,,,,,,,,,,,関連表1_L(車両信頼性)_XQ5.xlsx,,,,,,YES,,,,,,,,,"axle: awd, engine: 7dq, trans: atm (for ev)",YES,,,,,,,,,"axle: awd, engine: 7dq, trans: atm (for ev)",,,,,,,,,,,,,,,,,1,*,*,*,,,,,*,*,*,*,,,,,,
,MSTR-009-0101300,,,,,,,,,,,,,,,,,,,,,,,,,,,,,,,,,,,,,,,,,,,,,,,,,,,,,,,,,,,,,,,,,,,,,,,,,,,,,,,,,,,,,,,,,,,,,,,,,関連表1_L(車両信頼性)_XQ5.xlsx,,,,,,YES,,,,,,,,,"axle: 2wd, engine: 7dq, trans: atm (for ev)",YES,,,,,,,,,"axle: 2wd, engine: 7dq, trans: atm (for ev)",,,,,,,,,,,,,1,*,*,*,,,,,*,*,*,*,,,,,,,,,,
,MSTR-009-0101300-d0001,,,,,,,,,,,,,,,,,,,,,,,,,,,,,,,,,,,,,,,,,,,,,,,,,,,,,,,,,,,,,,,,,,,,,,,,,,,,,,,,,,,,,,,,,,,,,,,,,関連表1_L(車両信頼性)_XQ5.xlsx,,,,,,YES,,,,,,,,,"axle: awd, engine: 7dq, trans: atm (for ev)",YES,,,,,,,,,"axle: awd, engine: 7dq, trans: atm (for ev)",,,,,,,,,,,,,,,,,1,*,*,*,,,,,*,*,*,*,,,,,,
,MSTR-009-0101400,,,,,,,,,,,,,,,,,,,,,,,,,,,,,,,,,,,,,,,,,,,,,,,,,,,,,,,,,,,,,,,,,,,,,,,,,,,,,,,,,,,,,,,,,,,,,,,,,関連表1_L(車両信頼性)_XQ5.xlsx,,,,,,YES,,,,,,,,,"axle: 2wd, engine: 7dq, trans: atm (for ev)",YES,,,,,,,,,"axle: 2wd, engine: 7dq, trans: atm (for ev)",,,,,,,,,,,,,1,*,*,*,,,,,*,*,*,*,,,,,,,,,,
,MSTR-009-0101400-d0001,,,,,,,,,,,,,,,,,,,,,,,,,,,,,,,,,,,,,,,,,,,,,,,,,,,,,,,,,,,,,,,,,,,,,,,,,,,,,,,,,,,,,,,,,,,,,,,,,関連表1_L(車両信頼性)_XQ5.xlsx,,,,,,YES,,,,,,,,,"axle: awd, engine: 7dq, trans: atm (for ev)",YES,,,,,,,,,"axle: awd, engine: 7dq, trans: atm (for ev)",,,,,,,,,,,,,,,,,1,*,*,*,,,,,*,*,*,*,,,,,,
,MSTR-009-0101500,,,,,,,,,,,,,,,,,,,,,,,,,,,,,,,,,,,,,,,,,,,,,,,,,,,,,,,,,,,,,,,,,,,,,,,,,,,,,,,,,,,,,,,,,,,,,,,,,関連表1_L(車両信頼性)_XQ5.xlsx,,,,,,YES,,,,,,,,,"axle: 2wd, engine: 7dq, trans: atm (for ev)",YES,,,,,,,,,"axle: 2wd, engine: 7dq, trans: atm (for ev)",,,,,,,,,,,,,1,*,*,*,,,,,*,*,*,*,,,,,,,,,,
,MSTR-009-0101500-d0001,,,,,,,,,,,,,,,,,,,,,,,,,,,,,,,,,,,,,,,,,,,,,,,,,,,,,,,,,,,,,,,,,,,,,,,,,,,,,,,,,,,,,,,,,,,,,,,,,関連表1_L(車両信頼性)_XQ5.xlsx,,,,,,YES,,,,,,,,,"axle: awd, engine: 7dq, trans: atm (for ev)",YES,,,,,,,,,"axle: awd, engine: 7dq, trans: atm (for ev)",,,,,,,,,,,,,,,,,1,*,*,*,,,,,*,*,*,*,,,,,,
,MSTR-009-0101600,,,,,,,,,,,,,,,,,,,,,,,,,,,,,,,,,,,,,,,,,,,,,,,,,,,,,,,,,,,,,,,,,,,,,,,,,,,,,,,,,,,,,,,,,,,,,,,,,関連表1_L(車両信頼性)_XQ5.xlsx,,,,,,YES,,,,,,,,,"axle: 2wd, engine: 7dq, trans: atm (for ev)",YES,,,,,,,,,"axle: 2wd, engine: 7dq, trans: atm (for ev)",,,,,,,,,,,,,1,*,*,*,,,,,*,*,*,*,,,,,,,,,,
,MSTR-009-0101600-d0001,,,,,,,,,,,,,,,,,,,,,,,,,,,,,,,,,,,,,,,,,,,,,,,,,,,,,,,,,,,,,,,,,,,,,,,,,,,,,,,,,,,,,,,,,,,,,,,,,関連表1_L(車両信頼性)_XQ5.xlsx,,,,,,YES,,,,,,,,,"axle: awd, engine: 7dq, trans: atm (for ev)",YES,,,,,,,,,"axle: awd, engine: 7dq, trans: atm (for ev)",,,,,,,,,,,,,,,,,1,*,*,*,,,,,*,*,*,*,,,,,,
,MSTR-009-0101700,,,,,,,,,,,,,,,,,,,,,,,,,,,,,,,,,,,,,,,,,,,,,,,,,,,,,,,,,,,,,,,,,,,,,,,,,,,,,,,,,,,,,,,,,,,,,,,,,関連表1_L(車両信頼性)_XQ5.xlsx,,,,,,YES,,,,,,,,,"axle: 2wd, engine: 7dq, trans: atm (for ev)",YES,,,,,,,,,"axle: 2wd, engine: 7dq, trans: atm (for ev)",,,,,,,,,,,,,1,*,*,*,,,,,*,*,*,*,,,,,,,,,,
,MSTR-009-0101700-d0001,,,,,,,,,,,,,,,,,,,,,,,,,,,,,,,,,,,,,,,,,,,,,,,,,,,,,,,,,,,,,,,,,,,,,,,,,,,,,,,,,,,,,,,,,,,,,,,,,関連表1_L(車両信頼性)_XQ5.xlsx,,,,,,YES,,,,,,,,,"axle: awd, engine: 7dq, trans: atm (for ev)",YES,,,,,,,,,"axle: awd, engine: 7dq, trans: atm (for ev)",,,,,,,,,,,,,,,,,1,*,*,*,,,,,*,*,*,*,,,,,,
,MSTR-009-0101800,,,,,,,,,,,,,,,,,,,,,,,,,,,,,,,,,,,,,,,,,,,,,,,,,,,,,,,,,,,,,,,,,,,,,,,,,,,,,,,,,,,,,,,,,,,,,,,,,関連表1_L(車両信頼性)_XQ5.xlsx,,,,,,YES,,,,,,,,,"axle: 2wd, engine: 7dq, trans: atm (for ev)",YES,,,,,,,,,"axle: 2wd, engine: 7dq, trans: atm (for ev)",,,,,,,,,,,,,1,*,*,*,,,,,*,*,*,*,,,,,,,,,,
,MSTR-009-0101800-d0001,,,,,,,,,,,,,,,,,,,,,,,,,,,,,,,,,,,,,,,,,,,,,,,,,,,,,,,,,,,,,,,,,,,,,,,,,,,,,,,,,,,,,,,,,,,,,,,,,関連表1_L(車両信頼性)_XQ5.xlsx,,,,,,YES,,,,,,,,,"axle: awd, engine: 7dq, trans: atm (for ev)",YES,,,,,,,,,"axle: awd, engine: 7dq, trans: atm (for ev)",,,,,,,,,,,,,,,,,1,*,*,*,,,,,*,*,*,*,,,,,,
,MSTR-009-0101900,,,,,,,,,,,,,,,,,,,,,,,,,,,,,,,,,,,,,,,,,,,,,,,,,,,,,,,,,,,,,,,,,,,,,,,,,,,,,,,,,,,,,,,,,,,,,,,,,関連表1_L(車両信頼性)_XQ5.xlsx,,,,,,YES,,,,,,,,,"axle: 2wd, engine: 7dq, trans: atm (for ev)",YES,,,,,,,,,"axle: 2wd, engine: 7dq, trans: atm (for ev)",,,,,,,,,,,,,1,*,*,*,,,,,*,*,*,*,,,,,,,,,,
,MSTR-009-0101900-d0001,,,,,,,,,,,,,,,,,,,,,,,,,,,,,,,,,,,,,,,,,,,,,,,,,,,,,,,,,,,,,,,,,,,,,,,,,,,,,,,,,,,,,,,,,,,,,,,,,関連表1_L(車両信頼性)_XQ5.xlsx,,,,,,YES,,,,,,,,,"axle: awd, engine: 7dq, trans: atm (for ev)",YES,,,,,,,,,"axle: awd, engine: 7dq, trans: atm (for ev)",,,,,,,,,,,,,,,,,1,*,*,*,,,,,*,*,*,*,,,,,,
,MSTR-009-0102000,,,,,,,,,,,,,,,,,,,,,,,,,,,,,,,,,,,,,,,,,,,,,,,,,,,,,,,,,,,,,,,,,,,,,,,,,,,,,,,,,,,,,,,,,,,,,,,,,関連表1_L(車両信頼性)_XQ5.xlsx,,,,,,YES,,,,,,,,,"axle: 2wd, engine: 7dq, trans: atm (for ev)",YES,,,,,,,,,"axle: 2wd, engine: 7dq, trans: atm (for ev)",,,,,,,,,,,,,1,*,*,*,,,,,*,*,*,*,,,,,,,,,,
,MSTR-009-0102000-d0001,,,,,,,,,,,,,,,,,,,,,,,,,,,,,,,,,,,,,,,,,,,,,,,,,,,,,,,,,,,,,,,,,,,,,,,,,,,,,,,,,,,,,,,,,,,,,,,,,関連表1_L(車両信頼性)_XQ5.xlsx,,,,,,YES,,,,,,,,,"axle: awd, engine: 7dq, trans: atm (for ev)",YES,,,,,,,,,"axle: awd, engine: 7dq, trans: atm (for ev)",,,,,,,,,,,,,,,,,1,*,*,*,,,,,*,*,*,*,,,,,,
,MSTR-009-0103100,,,,,,,,,,,,,,,,,,,,,,,,,,,,,,,,,,,,,,,,,,,,,,,,,,,,,,,,,,,,,,,,,,,,,,,,,,,,,,,,,,,,,,,,,,,,,,,,,関連表1_L(車両信頼性)_XQ5.xlsx,,,,,,YES,,,,,,,,,ccm: None,YES,,,,,,,,,ccm: None,,,,,,,,,,,,,1,,,,,,,,,,,,,,,,,,,,,
,MSTR-009-0103100-d0001,,,,,,,,,,,,,,,,,,,,,,,,,,,,,,,,,,,,,,,,,,,,,,,,,,,,,,,,,,,,,,,,,,,,,,,,,,,,,,,,,,,,,,,,,,,,,,,,,関連表1_L(車両信頼性)_XQ5.xlsx,,,,,,YES,,,,,,,,,ccm: None,YES,,,,,,,,,ccm: None,,,,,,,,,,,,,,,1,,,,,,,,,1,,,,,,,,,,
,MSTR-009-0103100-d00010,,,,,,,,,,,,,,,,,,,,,,,,,,,,,,,,,,,,,,,,,,,,,,,,,,,,,,,,,,,,,,,,,,,,,,,,,,,,,,,,,,,,,,,,,,,,,,,,,関連表1_L(車両信頼性)_XQ5.xlsx,,,,,,YES,,,,,,,,,ccm: None,YES,,,,,,,,,ccm: None,,,,,,,,,,,,,,,,,1,,,,,,,,,,,,,,,,,
,MSTR-009-0103100-d0002,,,,,,,,,,,,,,,,,,,,,,,,,,,,,,,,,,,,,,,,,,,,,,,,,,,,,,,,,,,,,,,,,,,,,,,,,,,,,,,,,,,,,,,,,,,,,,,,,関連表1_L(車両信頼性)_XQ5.xlsx,,,,,,YES,,,,,,,,,ccm: None,YES,,,,,,,,,ccm: None,,,,,,,,,,,,,,,,,,,,,,,,,,1,,,,,,,,
,MSTR-009-0103100-d0003,,,,,,,,,,,,,,,,,,,,,,,,,,,,,,,,,,,,,,,,,,,,,,,,,,,,,,,,,,,,,,,,,,,,,,,,,,,,,,,,,,,,,,,,,,,,,,,,,関連表1_L(車両信頼性)_XQ5.xlsx,,,,,,YES,,,,,,,,,ccm: None,YES,,,,,,,,,ccm: None,,,,,,,,,,,,,,,,,,,,,,,,,,,1,,,,,,,
,MSTR-009-0103100-d0004,,,,,,,,,,,,,,,,,,,,,,,,,,,,,,,,,,,,,,,,,,,,,,,,,,,,,,,,,,,,,,,,,,,,,,,,,,,,,,,,,,,,,,,,,,,,,,,,,関連表1_L(車両信頼性)_XQ5.xlsx,,,,,,YES,,,,,,,,,ccm: None,YES,,,,,,,,,ccm: None,,,,,,,,,,,,,,,,,,,,,,,,,,,,,,1,,,,
,MSTR-009-0103100-d0005,,,,,,,,,,,,,,,,,,,,,,,,,,,,,,,,,,,,,,,,,,,,,,,,,,,,,,,,,,,,,,,,,,,,,,,,,,,,,,,,,,,,,,,,,,,,,,,,,関連表1_L(車両信頼性)_XQ5.xlsx,,,,,,YES,,,,,,,,,ccm: None,YES,,,,,,,,,ccm: None,,,,,,,,,,,,,,,,,,,,,,,,,,,,,,,1,,,
,MSTR-009-0103100-d0006,,,,,,,,,,,,,,,,,,,,,,,,,,,,,,,,,,,,,,,,,,,,,,,,,,,,,,,,,,,,,,,,,,,,,,,,,,,,,,,,,,,,,,,,,,,,,,,,,関連表1_L(車両信頼性)_XQ5.xlsx,,,,,,YES,,,,,,,,,ccm: None,YES,,,,,,,,,ccm: None,,,,,,,,,,,,,,,,,,,,,,,,,,,1,,,,,,,
,MSTR-009-0103100-d0007,,,,,,,,,,,,,,,,,,,,,,,,,,,,,,,,,,,,,,,,,,,,,,,,,,,,,,,,,,,,,,,,,,,,,,,,,,,,,,,,,,,,,,,,,,,,,,,,,関連表1_L(車両信頼性)_XQ5.xlsx,,,,,,YES,,,,,,,,,ccm: None,YES,,,,,,,,,ccm: None,,,,,,,,,,,,,,,,,,,,,,,,,,,,1,,,,,,
,MSTR-009-0103100-d0008,,,,,,,,,,,,,,,,,,,,,,,,,,,,,,,,,,,,,,,,,,,,,,,,,,,,,,,,,,,,,,,,,,,,,,,,,,,,,,,,,,,,,,,,,,,,,,,,,関連表1_L(車両信頼性)_XQ5.xlsx,,,,,,YES,,,,,,,,,ccm: None,YES,,,,,,,,,ccm: None,,,,,,,,,,,,,,,1,,,,,,,,,,,,,,,,,,,
,MSTR-009-0103100-d0009,,,,,,,,,,,,,,,,,,,,,,,,,,,,,,,,,,,,,,,,,,,,,,,,,,,,,,,,,,,,,,,,,,,,,,,,,,,,,,,,,,,,,,,,,,,,,,,,,関連表1_L(車両信頼性)_XQ5.xlsx,,,,,,YES,,,,,,,,,ccm: None,YES,,,,,,,,,ccm: None,,,,,,,,,,,,,,,,1,,,,,,,,,,,,,,,,,,
,MSTR-009-0103200,,,,,,,,,,,,,,,,,,,,,,,,,,,,,,,,,,,,,,,,,,,,,,,,,,,,,,,,,,,,,,,,,,,,,,,,,,,,,,,,,,,,,,,,,,,,,,,,,関連表1_L(車両信頼性)_XQ5.xlsx,,,,,,YES,,,,,,,,,ccm: None,YES,,,,,,,,,ccm: None,,,,,,,,,,,,,1,,,,,,,,,,,,,,,,,,,,,
,MSTR-009-0103200-d0001,,,,,,,,,,,,,,,,,,,,,,,,,,,,,,,,,,,,,,,,,,,,,,,,,,,,,,,,,,,,,,,,,,,,,,,,,,,,,,,,,,,,,,,,,,,,,,,,,関連表1_L(車両信頼性)_XQ5.xlsx,,,,,,YES,,,,,,,,,ccm: None,YES,,,,,,,,,ccm: None,,,,,,,,,,,,,,,1,,,,,,,,,1,,,,,,,,,,
,MSTR-009-0103200-d00010,,,,,,,,,,,,,,,,,,,,,,,,,,,,,,,,,,,,,,,,,,,,,,,,,,,,,,,,,,,,,,,,,,,,,,,,,,,,,,,,,,,,,,,,,,,,,,,,,関連表1_L(車両信頼性)_XQ5.xlsx,,,,,,YES,,,,,,,,,ccm: None,YES,,,,,,,,,ccm: None,,,,,,,,,,,,,,,,,1,,,,,,,,,,,,,,,,,
,MSTR-009-0103200-d0002,,,,,,,,,,,,,,,,,,,,,,,,,,,,,,,,,,,,,,,,,,,,,,,,,,,,,,,,,,,,,,,,,,,,,,,,,,,,,,,,,,,,,,,,,,,,,,,,,関連表1_L(車両信頼性)_XQ5.xlsx,,,,,,YES,,,,,,,,,ccm: None,YES,,,,,,,,,ccm: None,,,,,,,,,,,,,,,,,,,,,,,,,,1,,,,,,,,
,MSTR-009-0103200-d0003,,,,,,,,,,,,,,,,,,,,,,,,,,,,,,,,,,,,,,,,,,,,,,,,,,,,,,,,,,,,,,,,,,,,,,,,,,,,,,,,,,,,,,,,,,,,,,,,,関連表1_L(車両信頼性)_XQ5.xlsx,,,,,,YES,,,,,,,,,ccm: None,YES,,,,,,,,,ccm: None,,,,,,,,,,,,,,,,,,,,,,,,,,,1,,,,,,,
,MSTR-009-0103200-d0004,,,,,,,,,,,,,,,,,,,,,,,,,,,,,,,,,,,,,,,,,,,,,,,,,,,,,,,,,,,,,,,,,,,,,,,,,,,,,,,,,,,,,,,,,,,,,,,,,関連表1_L(車両信頼性)_XQ5.xlsx,,,,,,YES,,,,,,,,,ccm: None,YES,,,,,,,,,ccm: None,,,,,,,,,,,,,,,,,,,,,,,,,,,,,,1,,,,
,MSTR-009-0103200-d0005,,,,,,,,,,,,,,,,,,,,,,,,,,,,,,,,,,,,,,,,,,,,,,,,,,,,,,,,,,,,,,,,,,,,,,,,,,,,,,,,,,,,,,,,,,,,,,,,,関連表1_L(車両信頼性)_XQ5.xlsx,,,,,,YES,,,,,,,,,ccm: None,YES,,,,,,,,,ccm: None,,,,,,,,,,,,,,,,,,,,,,,,,,,,,,,1,,,
,MSTR-009-0103200-d0006,,,,,,,,,,,,,,,,,,,,,,,,,,,,,,,,,,,,,,,,,,,,,,,,,,,,,,,,,,,,,,,,,,,,,,,,,,,,,,,,,,,,,,,,,,,,,,,,,関連表1_L(車両信頼性)_XQ5.xlsx,,,,,,YES,,,,,,,,,ccm: None,YES,,,,,,,,,ccm: None,,,,,,,,,,,,,,,,,,,,,,,,,,,1,,,,,,,
,MSTR-009-0103200-d0007,,,,,,,,,,,,,,,,,,,,,,,,,,,,,,,,,,,,,,,,,,,,,,,,,,,,,,,,,,,,,,,,,,,,,,,,,,,,,,,,,,,,,,,,,,,,,,,,,関連表1_L(車両信頼性)_XQ5.xlsx,,,,,,YES,,,,,,,,,ccm: None,YES,,,,,,,,,ccm: None,,,,,,,,,,,,,,,,,,,,,,,,,,,,1,,,,,,
,MSTR-009-0103200-d0008,,,,,,,,,,,,,,,,,,,,,,,,,,,,,,,,,,,,,,,,,,,,,,,,,,,,,,,,,,,,,,,,,,,,,,,,,,,,,,,,,,,,,,,,,,,,,,,,,関連表1_L(車両信頼性)_XQ5.xlsx,,,,,,YES,,,,,,,,,ccm: None,YES,,,,,,,,,ccm: None,,,,,,,,,,,,,,,1,,,,,,,,,,,,,,,,,,,
,MSTR-009-0103200-d0009,,,,,,,,,,,,,,,,,,,,,,,,,,,,,,,,,,,,,,,,,,,,,,,,,,,,,,,,,,,,,,,,,,,,,,,,,,,,,,,,,,,,,,,,,,,,,,,,,関連表1_L(車両信頼性)_XQ5.xlsx,,,,,,YES,,,,,,,,,ccm: None,YES,,,,,,,,,ccm: None,,,,,,,,,,,,,,,,1,,,,,,,,,,,,,,,,,,
,MSTR-009-0103300,,,,,,,,,,,,,,,,,,,,,,,,,,,,,,,,,,,,,,,,,,,,,,,,,,,,,,,,,,,,,,,,,,,,,,,,,,,,,,,,,,,,,,,,,,,,,,,,,関連表1_L(車両信頼性)_XQ5.xlsx,,,,,,YES,,,,,,,,,ccm: None,YES,,,,,,,,,ccm: None,,,,,,,,,,,,,1,,,,,,,,,,,,,,,,,,,,,
,MSTR-009-0103300-d0001,,,,,,,,,,,,,,,,,,,,,,,,,,,,,,,,,,,,,,,,,,,,,,,,,,,,,,,,,,,,,,,,,,,,,,,,,,,,,,,,,,,,,,,,,,,,,,,,,関連表1_L(車両信頼性)_XQ5.xlsx,,,,,,YES,,,,,,,,,ccm: None,YES,,,,,,,,,ccm: None,,,,,,,,,,,,,,,1,,,,,,,,,1,,,,,,,,,,
,MSTR-009-0103300-d00010,,,,,,,,,,,,,,,,,,,,,,,,,,,,,,,,,,,,,,,,,,,,,,,,,,,,,,,,,,,,,,,,,,,,,,,,,,,,,,,,,,,,,,,,,,,,,,,,,関連表1_L(車両信頼性)_XQ5.xlsx,,,,,,YES,,,,,,,,,ccm: None,YES,,,,,,,,,ccm: None,,,,,,,,,,,,,,,,,1,,,,,,,,,,,,,,,,,
,MSTR-009-0103300-d0002,,,,,,,,,,,,,,,,,,,,,,,,,,,,,,,,,,,,,,,,,,,,,,,,,,,,,,,,,,,,,,,,,,,,,,,,,,,,,,,,,,,,,,,,,,,,,,,,,関連表1_L(車両信頼性)_XQ5.xlsx,,,,,,YES,,,,,,,,,ccm: None,YES,,,,,,,,,ccm: None,,,,,,,,,,,,,,,,,,,,,,,,,,1,,,,,,,,
,MSTR-009-0103300-d0003,,,,,,,,,,,,,,,,,,,,,,,,,,,,,,,,,,,,,,,,,,,,,,,,,,,,,,,,,,,,,,,,,,,,,,,,,,,,,,,,,,,,,,,,,,,,,,,,,関連表1_L(車両信頼性)_XQ5.xlsx,,,,,,YES,,,,,,,,,ccm: None,YES,,,,,,,,,ccm: None,,,,,,,,,,,,,,,,,,,,,,,,,,,,1,,,,,,
,MSTR-009-0103300-d0004,,,,,,,,,,,,,,,,,,,,,,,,,,,,,,,,,,,,,,,,,,,,,,,,,,,,,,,,,,,,,,,,,,,,,,,,,,,,,,,,,,,,,,,,,,,,,,,,,関連表1_L(車両信頼性)_XQ5.xlsx,,,,,,YES,,,,,,,,,ccm: None,YES,,,,,,,,,ccm: None,,,,,,,,,,,,,,,,,,,,,,,,,,,,,1,,,,,
,MSTR-009-0103300-d0005,,,,,,,,,,,,,,,,,,,,,,,,,,,,,,,,,,,,,,,,,,,,,,,,,,,,,,,,,,,,,,,,,,,,,,,,,,,,,,,,,,,,,,,,,,,,,,,,,関連表1_L(車両信頼性)_XQ5.xlsx,,,,,,YES,,,,,,,,,ccm: None,YES,,,,,,,,,ccm: None,,,,,,,,,,,,,,,,,,,,,,,,,,,,,,,,1,,
,MSTR-009-0103300-d0006,,,,,,,,,,,,,,,,,,,,,,,,,,,,,,,,,,,,,,,,,,,,,,,,,,,,,,,,,,,,,,,,,,,,,,,,,,,,,,,,,,,,,,,,,,,,,,,,,関連表1_L(車両信頼性)_XQ5.xlsx,,,,,,YES,,,,,,,,,ccm: None,YES,,,,,,,,,ccm: None,,,,,,,,,,,,,,,,,,,,,,,,,,,1,,,,,,,
,MSTR-009-0103300-d0007,,,,,,,,,,,,,,,,,,,,,,,,,,,,,,,,,,,,,,,,,,,,,,,,,,,,,,,,,,,,,,,,,,,,,,,,,,,,,,,,,,,,,,,,,,,,,,,,,関連表1_L(車両信頼性)_XQ5.xlsx,,,,,,YES,,,,,,,,,ccm: None,YES,,,,,,,,,ccm: None,,,,,,,,,,,,,,,,,,,,,,,,,,,,1,,,,,,
,MSTR-009-0103300-d0008,,,,,,,,,,,,,,,,,,,,,,,,,,,,,,,,,,,,,,,,,,,,,,,,,,,,,,,,,,,,,,,,,,,,,,,,,,,,,,,,,,,,,,,,,,,,,,,,,関連表1_L(車両信頼性)_XQ5.xlsx,,,,,,YES,,,,,,,,,ccm: None,YES,,,,,,,,,ccm: None,,,,,,,,,,,,,,,1,,,,,,,,,,,,,,,,,,,
,MSTR-009-0103300-d0009,,,,,,,,,,,,,,,,,,,,,,,,,,,,,,,,,,,,,,,,,,,,,,,,,,,,,,,,,,,,,,,,,,,,,,,,,,,,,,,,,,,,,,,,,,,,,,,,,関連表1_L(車両信頼性)_XQ5.xlsx,,,,,,YES,,,,,,,,,ccm: None,YES,,,,,,,,,ccm: None,,,,,,,,,,,,,,,,1,,,,,,,,,,,,,,,,,,
,MSTR-009-0103400,,,,,,,,,,,,,,,,,,,,,,,,,,,,,,,,,,,,,,,,,,,,,,,,,,,,,,,,,,,,,,,,,,,,,,,,,,,,,,,,,,,,,,,,,,,,,,,,,関連表1_L(車両信頼性)_XQ5.xlsx,,,,,,YES,,,,,,,,,ccm: None,YES,,,,,,,,,ccm: None,,,,,,,,,,,,,1,,,,,,,,,,,,,,,,,,,,,
,MSTR-009-0103400-d0001,,,,,,,,,,,,,,,,,,,,,,,,,,,,,,,,,,,,,,,,,,,,,,,,,,,,,,,,,,,,,,,,,,,,,,,,,,,,,,,,,,,,,,,,,,,,,,,,,関連表1_L(車両信頼性)_XQ5.xlsx,,,,,,YES,,,,,,,,,ccm: None,YES,,,,,,,,,ccm: None,,,,,,,,,,,,,,,1,,,,,,,,,1,,,,,,,,,,
,MSTR-009-0103400-d00010,,,,,,,,,,,,,,,,,,,,,,,,,,,,,,,,,,,,,,,,,,,,,,,,,,,,,,,,,,,,,,,,,,,,,,,,,,,,,,,,,,,,,,,,,,,,,,,,,関連表1_L(車両信頼性)_XQ5.xlsx,,,,,,YES,,,,,,,,,ccm: None,YES,,,,,,,,,ccm: None,,,,,,,,,,,,,,,,,1,,,,,,,,,,,,,,,,,
,MSTR-009-0103400-d0002,,,,,,,,,,,,,,,,,,,,,,,,,,,,,,,,,,,,,,,,,,,,,,,,,,,,,,,,,,,,,,,,,,,,,,,,,,,,,,,,,,,,,,,,,,,,,,,,,関連表1_L(車両信頼性)_XQ5.xlsx,,,,,,YES,,,,,,,,,ccm: None,YES,,,,,,,,,ccm: None,,,,,,,,,,,,,,,,,,,,,,,,,,1,,,,,,,,
,MSTR-009-0103400-d0003,,,,,,,,,,,,,,,,,,,,,,,,,,,,,,,,,,,,,,,,,,,,,,,,,,,,,,,,,,,,,,,,,,,,,,,,,,,,,,,,,,,,,,,,,,,,,,,,,関連表1_L(車両信頼性)_XQ5.xlsx,,,,,,YES,,,,,,,,,ccm: None,YES,,,,,,,,,ccm: None,,,,,,,,,,,,,,,,,,,,,,,,,,,,1,,,,,,
,MSTR-009-0103400-d0004,,,,,,,,,,,,,,,,,,,,,,,,,,,,,,,,,,,,,,,,,,,,,,,,,,,,,,,,,,,,,,,,,,,,,,,,,,,,,,,,,,,,,,,,,,,,,,,,,関連表1_L(車両信頼性)_XQ5.xlsx,,,,,,YES,,,,,,,,,ccm: None,YES,,,,,,,,,ccm: None,,,,,,,,,,,,,,,,,,,,,,,,,,,,,1,,,,,
,MSTR-009-0103400-d0005,,,,,,,,,,,,,,,,,,,,,,,,,,,,,,,,,,,,,,,,,,,,,,,,,,,,,,,,,,,,,,,,,,,,,,,,,,,,,,,,,,,,,,,,,,,,,,,,,関連表1_L(車両信頼性)_XQ5.xlsx,,,,,,YES,,,,,,,,,ccm: None,YES,,,,,,,,,ccm: None,,,,,,,,,,,,,,,,,,,,,,,,,,,,,,,1,,,
,MSTR-009-0103400-d0006,,,,,,,,,,,,,,,,,,,,,,,,,,,,,,,,,,,,,,,,,,,,,,,,,,,,,,,,,,,,,,,,,,,,,,,,,,,,,,,,,,,,,,,,,,,,,,,,,関連表1_L(車両信頼性)_XQ5.xlsx,,,,,,YES,,,,,,,,,ccm: None,YES,,,,,,,,,ccm: None,,,,,,,,,,,,,,,,,,,,,,,,,,,1,,,,,,,
,MSTR-009-0103400-d0007,,,,,,,,,,,,,,,,,,,,,,,,,,,,,,,,,,,,,,,,,,,,,,,,,,,,,,,,,,,,,,,,,,,,,,,,,,,,,,,,,,,,,,,,,,,,,,,,,関連表1_L(車両信頼性)_XQ5.xlsx,,,,,,YES,,,,,,,,,ccm: None,YES,,,,,,,,,ccm: None,,,,,,,,,,,,,,,,,,,,,,,,,,,,1,,,,,,
,MSTR-009-0103400-d0008,,,,,,,,,,,,,,,,,,,,,,,,,,,,,,,,,,,,,,,,,,,,,,,,,,,,,,,,,,,,,,,,,,,,,,,,,,,,,,,,,,,,,,,,,,,,,,,,,関連表1_L(車両信頼性)_XQ5.xlsx,,,,,,YES,,,,,,,,,ccm: None,YES,,,,,,,,,ccm: None,,,,,,,,,,,,,,,1,,,,,,,,,,,,,,,,,,,
,MSTR-009-0103400-d0009,,,,,,,,,,,,,,,,,,,,,,,,,,,,,,,,,,,,,,,,,,,,,,,,,,,,,,,,,,,,,,,,,,,,,,,,,,,,,,,,,,,,,,,,,,,,,,,,,関連表1_L(車両信頼性)_XQ5.xlsx,,,,,,YES,,,,,,,,,ccm: None,YES,,,,,,,,,ccm: None,,,,,,,,,,,,,,,,1,,,,,,,,,,,,,,,,,,
,MSTR-009-0103500,,,,,,,,,,,,,,,,,,,,,,,,,,,,,,,,,,,,,,,,,,,,,,,,,,,,,,,,,,,,,,,,,,,,,,,,,,,,,,,,,,,,,,,,,,,,,,,,,関連表1_L(車両信頼性)_XQ5.xlsx,,,,,,YES,,,,,,,,,ccm: None,YES,,,,,,,,,ccm: None,,,,,,,,,,,,,1,,,,,,,,,,,,,,,,,,,,,
,MSTR-009-0103500-d0001,,,,,,,,,,,,,,,,,,,,,,,,,,,,,,,,,,,,,,,,,,,,,,,,,,,,,,,,,,,,,,,,,,,,,,,,,,,,,,,,,,,,,,,,,,,,,,,,,関連表1_L(車両信頼性)_XQ5.xlsx,,,,,,YES,,,,,,,,,ccm: None,YES,,,,,,,,,ccm: None,,,,,,,,,,,,,,,1,,,,,,,,1,,,,,,,,,,,
,MSTR-009-0103500-d00010,,,,,,,,,,,,,,,,,,,,,,,,,,,,,,,,,,,,,,,,,,,,,,,,,,,,,,,,,,,,,,,,,,,,,,,,,,,,,,,,,,,,,,,,,,,,,,,,,関連表1_L(車両信頼性)_XQ5.xlsx,,,,,,YES,,,,,,,,,ccm: None,YES,,,,,,,,,ccm: None,,,,,,,,,,,,,,,,,1,,,,,,,,,,,,,,,,,
,MSTR-009-0103500-d0002,,,,,,,,,,,,,,,,,,,,,,,,,,,,,,,,,,,,,,,,,,,,,,,,,,,,,,,,,,,,,,,,,,,,,,,,,,,,,,,,,,,,,,,,,,,,,,,,,関連表1_L(車両信頼性)_XQ5.xlsx,,,,,,YES,,,,,,,,,ccm: None,YES,,,,,,,,,ccm: None,,,,,,,,,,,,,,,,,,,,,,,,,,1,,,,,,,,
,MSTR-009-0103500-d0003,,,,,,,,,,,,,,,,,,,,,,,,,,,,,,,,,,,,,,,,,,,,,,,,,,,,,,,,,,,,,,,,,,,,,,,,,,,,,,,,,,,,,,,,,,,,,,,,,関連表1_L(車両信頼性)_XQ5.xlsx,,,,,,YES,,,,,,,,,ccm: None,YES,,,,,,,,,ccm: None,,,,,,,,,,,,,,,,,,,,,,,,,,,,1,,,,,,
,MSTR-009-0103500-d0004,,,,,,,,,,,,,,,,,,,,,,,,,,,,,,,,,,,,,,,,,,,,,,,,,,,,,,,,,,,,,,,,,,,,,,,,,,,,,,,,,,,,,,,,,,,,,,,,,関連表1_L(車両信頼性)_XQ5.xlsx,,,,,,YES,,,,,,,,,ccm: None,YES,,,,,,,,,ccm: None,,,,,,,,,,,,,,,,,,,,,,,,,,,,,1,,,,,
,MSTR-009-0103500-d0005,,,,,,,,,,,,,,,,,,,,,,,,,,,,,,,,,,,,,,,,,,,,,,,,,,,,,,,,,,,,,,,,,,,,,,,,,,,,,,,,,,,,,,,,,,,,,,,,,関連表1_L(車両信頼性)_XQ5.xlsx,,,,,,YES,,,,,,,,,ccm: None,YES,,,,,,,,,ccm: None,,,,,,,,,,,,,,,,,,,,,,,,,,,,,,,1,,,
,MSTR-009-0103500-d0006,,,,,,,,,,,,,,,,,,,,,,,,,,,,,,,,,,,,,,,,,,,,,,,,,,,,,,,,,,,,,,,,,,,,,,,,,,,,,,,,,,,,,,,,,,,,,,,,,関連表1_L(車両信頼性)_XQ5.xlsx,,,,,,YES,,,,,,,,,ccm: None,YES,,,,,,,,,ccm: None,,,,,,,,,,,,,,,,,,,,,,,,,,,1,,,,,,,
,MSTR-009-0103500-d0007,,,,,,,,,,,,,,,,,,,,,,,,,,,,,,,,,,,,,,,,,,,,,,,,,,,,,,,,,,,,,,,,,,,,,,,,,,,,,,,,,,,,,,,,,,,,,,,,,関連表1_L(車両信頼性)_XQ5.xlsx,,,,,,YES,,,,,,,,,ccm: None,YES,,,,,,,,,ccm: None,,,,,,,,,,,,,,,,,,,,,,,,,,,,1,,,,,,
,MSTR-009-0103500-d0008,,,,,,,,,,,,,,,,,,,,,,,,,,,,,,,,,,,,,,,,,,,,,,,,,,,,,,,,,,,,,,,,,,,,,,,,,,,,,,,,,,,,,,,,,,,,,,,,,関連表1_L(車両信頼性)_XQ5.xlsx,,,,,,YES,,,,,,,,,ccm: None,YES,,,,,,,,,ccm: None,,,,,,,,,,,,,,,1,,,,,,,,,,,,,,,,,,,
,MSTR-009-0103500-d0009,,,,,,,,,,,,,,,,,,,,,,,,,,,,,,,,,,,,,,,,,,,,,,,,,,,,,,,,,,,,,,,,,,,,,,,,,,,,,,,,,,,,,,,,,,,,,,,,,関連表1_L(車両信頼性)_XQ5.xlsx,,,,,,YES,,,,,,,,,ccm: None,YES,,,,,,,,,ccm: None,,,,,,,,,,,,,,,,1,,,,,,,,,,,,,,,,,,
,MSTR-009-0103600,,,,,,,,,,,,,,,,,,,,,,,,,,,,,,,,,,,,,,,,,,,,,,,,,,,,,,,,,,,,,,,,,,,,,,,,,,,,,,,,,,,,,,,,,,,,,,,,,関連表1_L(車両信頼性)_XQ5.xlsx,,,,,,YES,,,,,,,,,ccm: None,YES,,,,,,,,,ccm: None,,,,,,,,,,,,,1,,,,,,,,,,,,,,,,,,,,,
,MSTR-009-0103600-d0001,,,,,,,,,,,,,,,,,,,,,,,,,,,,,,,,,,,,,,,,,,,,,,,,,,,,,,,,,,,,,,,,,,,,,,,,,,,,,,,,,,,,,,,,,,,,,,,,,関連表1_L(車両信頼性)_XQ5.xlsx,,,,,,YES,,,,,,,,,ccm: None,YES,,,,,,,,,ccm: None,,,,,,,,,,,,,,,1,,,,,,,,,1,,,,,,,,,,
,MSTR-009-0103600-d00010,,,,,,,,,,,,,,,,,,,,,,,,,,,,,,,,,,,,,,,,,,,,,,,,,,,,,,,,,,,,,,,,,,,,,,,,,,,,,,,,,,,,,,,,,,,,,,,,,関連表1_L(車両信頼性)_XQ5.xlsx,,,,,,YES,,,,,,,,,ccm: None,YES,,,,,,,,,ccm: None,,,,,,,,,,,,,,,,,1,,,,,,,,,,,,,,,,,
,MSTR-009-0103600-d0002,,,,,,,,,,,,,,,,,,,,,,,,,,,,,,,,,,,,,,,,,,,,,,,,,,,,,,,,,,,,,,,,,,,,,,,,,,,,,,,,,,,,,,,,,,,,,,,,,関連表1_L(車両信頼性)_XQ5.xlsx,,,,,,YES,,,,,,,,,ccm: None,YES,,,,,,,,,ccm: None,,,,,,,,,,,,,,,,,,,,,,,,,,1,,,,,,,,
,MSTR-009-0103600-d0003,,,,,,,,,,,,,,,,,,,,,,,,,,,,,,,,,,,,,,,,,,,,,,,,,,,,,,,,,,,,,,,,,,,,,,,,,,,,,,,,,,,,,,,,,,,,,,,,,関連表1_L(車両信頼性)_XQ5.xlsx,,,,,,YES,,,,,,,,,ccm: None,YES,,,,,,,,,ccm: None,,,,,,,,,,,,,,,,,,,,,,,,,,,,1,,,,,,
,MSTR-009-0103600-d0004,,,,,,,,,,,,,,,,,,,,,,,,,,,,,,,,,,,,,,,,,,,,,,,,,,,,,,,,,,,,,,,,,,,,,,,,,,,,,,,,,,,,,,,,,,,,,,,,,関連表1_L(車両信頼性)_XQ5.xlsx,,,,,,YES,,,,,,,,,ccm: None,YES,,,,,,,,,ccm: None,,,,,,,,,,,,,,,,,,,,,,,,,,,,,1,,,,,
,MSTR-009-0103600-d0005,,,,,,,,,,,,,,,,,,,,,,,,,,,,,,,,,,,,,,,,,,,,,,,,,,,,,,,,,,,,,,,,,,,,,,,,,,,,,,,,,,,,,,,,,,,,,,,,,関連表1_L(車両信頼性)_XQ5.xlsx,,,,,,YES,,,,,,,,,ccm: None,YES,,,,,,,,,ccm: None,,,,,,,,,,,,,,,,,,,,,,,,,,,,,,,,1,,
,MSTR-009-0103600-d0006,,,,,,,,,,,,,,,,,,,,,,,,,,,,,,,,,,,,,,,,,,,,,,,,,,,,,,,,,,,,,,,,,,,,,,,,,,,,,,,,,,,,,,,,,,,,,,,,,関連表1_L(車両信頼性)_XQ5.xlsx,,,,,,YES,,,,,,,,,ccm: None,YES,,,,,,,,,ccm: None,,,,,,,,,,,,,,,,,,,,,,,,,,,1,,,,,,,
,MSTR-009-0103600-d0007,,,,,,,,,,,,,,,,,,,,,,,,,,,,,,,,,,,,,,,,,,,,,,,,,,,,,,,,,,,,,,,,,,,,,,,,,,,,,,,,,,,,,,,,,,,,,,,,,関連表1_L(車両信頼性)_XQ5.xlsx,,,,,,YES,,,,,,,,,ccm: None,YES,,,,,,,,,ccm: None,,,,,,,,,,,,,,,,,,,,,,,,,,,,1,,,,,,
,MSTR-009-0103600-d0008,,,,,,,,,,,,,,,,,,,,,,,,,,,,,,,,,,,,,,,,,,,,,,,,,,,,,,,,,,,,,,,,,,,,,,,,,,,,,,,,,,,,,,,,,,,,,,,,,関連表1_L(車両信頼性)_XQ5.xlsx,,,,,,YES,,,,,,,,,ccm: None,YES,,,,,,,,,ccm: None,,,,,,,,,,,,,,,1,,,,,,,,,,,,,,,,,,,
,MSTR-009-0103600-d0009,,,,,,,,,,,,,,,,,,,,,,,,,,,,,,,,,,,,,,,,,,,,,,,,,,,,,,,,,,,,,,,,,,,,,,,,,,,,,,,,,,,,,,,,,,,,,,,,,関連表1_L(車両信頼性)_XQ5.xlsx,,,,,,YES,,,,,,,,,ccm: None,YES,,,,,,,,,ccm: None,,,,,,,,,,,,,,,,1,,,,,,,,,,,,,,,,,,
,MSTR-009-0103700,,,,,,,,,,,,,,,,,,,,,,,,,,,,,,,,,,,,,,,,,,,,,,,,,,,,,,,,,,,,,,,,,,,,,,,,,,,,,,,,,,,,,,,,,,,,,,,,,関連表1_L(車両信頼性)_XQ5.xlsx,,,,,,YES,,,,,,,,,ccm: None,YES,,,,,,,,,ccm: None,,,,,,,,,,,,,1,,,,,,,,,,,,,,,,,,,,,
,MSTR-009-0103700-d0001,,,,,,,,,,,,,,,,,,,,,,,,,,,,,,,,,,,,,,,,,,,,,,,,,,,,,,,,,,,,,,,,,,,,,,,,,,,,,,,,,,,,,,,,,,,,,,,,,関連表1_L(車両信頼性)_XQ5.xlsx,,,,,,YES,,,,,,,,,ccm: None,YES,,,,,,,,,ccm: None,,,,,,,,,,,,,,,1,,,,,,,,,1,,,,,,,,,,
,MSTR-009-0103700-d00010,,,,,,,,,,,,,,,,,,,,,,,,,,,,,,,,,,,,,,,,,,,,,,,,,,,,,,,,,,,,,,,,,,,,,,,,,,,,,,,,,,,,,,,,,,,,,,,,,関連表1_L(車両信頼性)_XQ5.xlsx,,,,,,YES,,,,,,,,,ccm: None,YES,,,,,,,,,ccm: None,,,,,,,,,,,,,,,,,1,,,,,,,,,,,,,,,,,
,MSTR-009-0103700-d0002,,,,,,,,,,,,,,,,,,,,,,,,,,,,,,,,,,,,,,,,,,,,,,,,,,,,,,,,,,,,,,,,,,,,,,,,,,,,,,,,,,,,,,,,,,,,,,,,,関連表1_L(車両信頼性)_XQ5.xlsx,,,,,,YES,,,,,,,,,ccm: None,YES,,,,,,,,,ccm: None,,,,,,,,,,,,,,,,,,,,,,,,,,1,,,,,,,,
,MSTR-009-0103700-d0003,,,,,,,,,,,,,,,,,,,,,,,,,,,,,,,,,,,,,,,,,,,,,,,,,,,,,,,,,,,,,,,,,,,,,,,,,,,,,,,,,,,,,,,,,,,,,,,,,関連表1_L(車両信頼性)_XQ5.xlsx,,,,,,YES,,,,,,,,,ccm: None,YES,,,,,,,,,ccm: None,,,,,,,,,,,,,,,,,,,,,,,,,,,,1,,,,,,
,MSTR-009-0103700-d0004,,,,,,,,,,,,,,,,,,,,,,,,,,,,,,,,,,,,,,,,,,,,,,,,,,,,,,,,,,,,,,,,,,,,,,,,,,,,,,,,,,,,,,,,,,,,,,,,,関連表1_L(車両信頼性)_XQ5.xlsx,,,,,,YES,,,,,,,,,ccm: None,YES,,,,,,,,,ccm: None,,,,,,,,,,,,,,,,,,,,,,,,,,,,,1,,,,,
,MSTR-009-0103700-d0005,,,,,,,,,,,,,,,,,,,,,,,,,,,,,,,,,,,,,,,,,,,,,,,,,,,,,,,,,,,,,,,,,,,,,,,,,,,,,,,,,,,,,,,,,,,,,,,,,関連表1_L(車両信頼性)_XQ5.xlsx,,,,,,YES,,,,,,,,,ccm: None,YES,,,,,,,,,ccm: None,,,,,,,,,,,,,,,,,,,,,,,,,,,,,,,1,,,
,MSTR-009-0103700-d0006,,,,,,,,,,,,,,,,,,,,,,,,,,,,,,,,,,,,,,,,,,,,,,,,,,,,,,,,,,,,,,,,,,,,,,,,,,,,,,,,,,,,,,,,,,,,,,,,,関連表1_L(車両信頼性)_XQ5.xlsx,,,,,,YES,,,,,,,,,ccm: None,YES,,,,,,,,,ccm: None,,,,,,,,,,,,,,,,,,,,,,,,,,,1,,,,,,,
,MSTR-009-0103700-d0007,,,,,,,,,,,,,,,,,,,,,,,,,,,,,,,,,,,,,,,,,,,,,,,,,,,,,,,,,,,,,,,,,,,,,,,,,,,,,,,,,,,,,,,,,,,,,,,,,関連表1_L(車両信頼性)_XQ5.xlsx,,,,,,YES,,,,,,,,,ccm: None,YES,,,,,,,,,ccm: None,,,,,,,,,,,,,,,,,,,,,,,,,,,,1,,,,,,
,MSTR-009-0103700-d0008,,,,,,,,,,,,,,,,,,,,,,,,,,,,,,,,,,,,,,,,,,,,,,,,,,,,,,,,,,,,,,,,,,,,,,,,,,,,,,,,,,,,,,,,,,,,,,,,,関連表1_L(車両信頼性)_XQ5.xlsx,,,,,,YES,,,,,,,,,ccm: None,YES,,,,,,,,,ccm: None,,,,,,,,,,,,,,,1,,,,,,,,,,,,,,,,,,,
,MSTR-009-0103700-d0009,,,,,,,,,,,,,,,,,,,,,,,,,,,,,,,,,,,,,,,,,,,,,,,,,,,,,,,,,,,,,,,,,,,,,,,,,,,,,,,,,,,,,,,,,,,,,,,,,関連表1_L(車両信頼性)_XQ5.xlsx,,,,,,YES,,,,,,,,,ccm: None,YES,,,,,,,,,ccm: None,,,,,,,,,,,,,,,,1,,,,,,,,,,,,,,,,,,
,MSTR-009-0103800,,,,,,,,,,,,,,,,,,,,,,,,,,,,,,,,,,,,,,,,,,,,,,,,,,,,,,,,,,,,,,,,,,,,,,,,,,,,,,,,,,,,,,,,,,,,,,,,,関連表1_L(車両信頼性)_XQ5.xlsx,,,,,,YES,,,,,,,,,ccm: None,YES,,,,,,,,,ccm: None,,,,,,,,,,,,,1,,,,,,,,,,,,,,,,,,,,,
,MSTR-009-0103800-d0001,,,,,,,,,,,,,,,,,,,,,,,,,,,,,,,,,,,,,,,,,,,,,,,,,,,,,,,,,,,,,,,,,,,,,,,,,,,,,,,,,,,,,,,,,,,,,,,,,関連表1_L(車両信頼性)_XQ5.xlsx,,,,,,YES,,,,,,,,,ccm: None,YES,,,,,,,,,ccm: None,,,,,,,,,,,,,,,1,,,,,,,,,1,,,,,,,,,,
,MSTR-009-0103800-d00010,,,,,,,,,,,,,,,,,,,,,,,,,,,,,,,,,,,,,,,,,,,,,,,,,,,,,,,,,,,,,,,,,,,,,,,,,,,,,,,,,,,,,,,,,,,,,,,,,関連表1_L(車両信頼性)_XQ5.xlsx,,,,,,YES,,,,,,,,,ccm: None,YES,,,,,,,,,ccm: None,,,,,,,,,,,,,,,,,1,,,,,,,,,,,,,,,,,
,MSTR-009-0103800-d0002,,,,,,,,,,,,,,,,,,,,,,,,,,,,,,,,,,,,,,,,,,,,,,,,,,,,,,,,,,,,,,,,,,,,,,,,,,,,,,,,,,,,,,,,,,,,,,,,,関連表1_L(車両信頼性)_XQ5.xlsx,,,,,,YES,,,,,,,,,ccm: None,YES,,,,,,,,,ccm: None,,,,,,,,,,,,,,,,,,,,,,,,,,1,,,,,,,,
,MSTR-009-0103800-d0003,,,,,,,,,,,,,,,,,,,,,,,,,,,,,,,,,,,,,,,,,,,,,,,,,,,,,,,,,,,,,,,,,,,,,,,,,,,,,,,,,,,,,,,,,,,,,,,,,関連表1_L(車両信頼性)_XQ5.xlsx,,,,,,YES,,,,,,,,,ccm: None,YES,,,,,,,,,ccm: None,,,,,,,,,,,,,,,,,,,,,,,,,,,1,,,,,,,
,MSTR-009-0103800-d0004,,,,,,,,,,,,,,,,,,,,,,,,,,,,,,,,,,,,,,,,,,,,,,,,,,,,,,,,,,,,,,,,,,,,,,,,,,,,,,,,,,,,,,,,,,,,,,,,,関連表1_L(車両信頼性)_XQ5.xlsx,,,,,,YES,,,,,,,,,ccm: None,YES,,,,,,,,,ccm: None,,,,,,,,,,,,,,,,,,,,,,,,,,,,,,1,,,,
,MSTR-009-0103800-d0005,,,,,,,,,,,,,,,,,,,,,,,,,,,,,,,,,,,,,,,,,,,,,,,,,,,,,,,,,,,,,,,,,,,,,,,,,,,,,,,,,,,,,,,,,,,,,,,,,関連表1_L(車両信頼性)_XQ5.xlsx,,,,,,YES,,,,,,,,,ccm: None,YES,,,,,,,,,ccm: None,,,,,,,,,,,,,,,,,,,,,,,,,,,,,,,1,,,
,MSTR-009-0103800-d0006,,,,,,,,,,,,,,,,,,,,,,,,,,,,,,,,,,,,,,,,,,,,,,,,,,,,,,,,,,,,,,,,,,,,,,,,,,,,,,,,,,,,,,,,,,,,,,,,,関連表1_L(車両信頼性)_XQ5.xlsx,,,,,,YES,,,,,,,,,ccm: None,YES,,,,,,,,,ccm: None,,,,,,,,,,,,,,,,,,,,,,,,,,,1,,,,,,,
,MSTR-009-0103800-d0007,,,,,,,,,,,,,,,,,,,,,,,,,,,,,,,,,,,,,,,,,,,,,,,,,,,,,,,,,,,,,,,,,,,,,,,,,,,,,,,,,,,,,,,,,,,,,,,,,関連表1_L(車両信頼性)_XQ5.xlsx,,,,,,YES,,,,,,,,,ccm: None,YES,,,,,,,,,ccm: None,,,,,,,,,,,,,,,,,,,,,,,,,,,,1,,,,,,
,MSTR-009-0103800-d0008,,,,,,,,,,,,,,,,,,,,,,,,,,,,,,,,,,,,,,,,,,,,,,,,,,,,,,,,,,,,,,,,,,,,,,,,,,,,,,,,,,,,,,,,,,,,,,,,,関連表1_L(車両信頼性)_XQ5.xlsx,,,,,,YES,,,,,,,,,ccm: None,YES,,,,,,,,,ccm: None,,,,,,,,,,,,,,,1,,,,,,,,,,,,,,,,,,,
,MSTR-009-0103800-d0009,,,,,,,,,,,,,,,,,,,,,,,,,,,,,,,,,,,,,,,,,,,,,,,,,,,,,,,,,,,,,,,,,,,,,,,,,,,,,,,,,,,,,,,,,,,,,,,,,関連表1_L(車両信頼性)_XQ5.xlsx,,,,,,YES,,,,,,,,,ccm: None,YES,,,,,,,,,ccm: None,,,,,,,,,,,,,,,,1,,,,,,,,,,,,,,,,,,
,MSTR-009-0103900,,,,,,,,,,,,,,,,,,,,,,,,,,,,,,,,,,,,,,,,,,,,,,,,,,,,,,,,,,,,,,,,,,,,,,,,,,,,,,,,,,,,,,,,,,,,,,,,,関連表1_L(車両信頼性)_XQ5.xlsx,,,,,,YES,,,,,,,,,ccm: None,YES,,,,,,,,,ccm: None,,,,,,,,,,,,,1,,,,,,,,,,,,,,,,,,,,,
,MSTR-009-0103900-d0001,,,,,,,,,,,,,,,,,,,,,,,,,,,,,,,,,,,,,,,,,,,,,,,,,,,,,,,,,,,,,,,,,,,,,,,,,,,,,,,,,,,,,,,,,,,,,,,,,関連表1_L(車両信頼性)_XQ5.xlsx,,,,,,YES,,,,,,,,,ccm: None,YES,,,,,,,,,ccm: None,,,,,,,,,,,,,,,1,,,,,,,,,1,,,,,,,,,,
,MSTR-009-0103900-d00010,,,,,,,,,,,,,,,,,,,,,,,,,,,,,,,,,,,,,,,,,,,,,,,,,,,,,,,,,,,,,,,,,,,,,,,,,,,,,,,,,,,,,,,,,,,,,,,,,関連表1_L(車両信頼性)_XQ5.xlsx,,,,,,YES,,,,,,,,,ccm: None,YES,,,,,,,,,ccm: None,,,,,,,,,,,,,,,,,1,,,,,,,,,,,,,,,,,
,MSTR-009-0103900-d0002,,,,,,,,,,,,,,,,,,,,,,,,,,,,,,,,,,,,,,,,,,,,,,,,,,,,,,,,,,,,,,,,,,,,,,,,,,,,,,,,,,,,,,,,,,,,,,,,,関連表1_L(車両信頼性)_XQ5.xlsx,,,,,,YES,,,,,,,,,ccm: None,YES,,,,,,,,,ccm: None,,,,,,,,,,,,,,,,,,,,,,,,,,1,,,,,,,,
,MSTR-009-0103900-d0003,,,,,,,,,,,,,,,,,,,,,,,,,,,,,,,,,,,,,,,,,,,,,,,,,,,,,,,,,,,,,,,,,,,,,,,,,,,,,,,,,,,,,,,,,,,,,,,,,関連表1_L(車両信頼性)_XQ5.xlsx,,,,,,YES,,,,,,,,,ccm: None,YES,,,,,,,,,ccm: None,,,,,,,,,,,,,,,,,,,,,,,,,,,1,,,,,,,
,MSTR-009-0103900-d0004,,,,,,,,,,,,,,,,,,,,,,,,,,,,,,,,,,,,,,,,,,,,,,,,,,,,,,,,,,,,,,,,,,,,,,,,,,,,,,,,,,,,,,,,,,,,,,,,,関連表1_L(車両信頼性)_XQ5.xlsx,,,,,,YES,,,,,,,,,ccm: None,YES,,,,,,,,,ccm: None,,,,,,,,,,,,,,,,,,,,,,,,,,,,,,1,,,,
,MSTR-009-0103900-d0005,,,,,,,,,,,,,,,,,,,,,,,,,,,,,,,,,,,,,,,,,,,,,,,,,,,,,,,,,,,,,,,,,,,,,,,,,,,,,,,,,,,,,,,,,,,,,,,,,関連表1_L(車両信頼性)_XQ5.xlsx,,,,,,YES,,,,,,,,,ccm: None,YES,,,,,,,,,ccm: None,,,,,,,,,,,,,,,,,,,,,,,,,,,,,,,1,,,
,MSTR-009-0103900-d0006,,,,,,,,,,,,,,,,,,,,,,,,,,,,,,,,,,,,,,,,,,,,,,,,,,,,,,,,,,,,,,,,,,,,,,,,,,,,,,,,,,,,,,,,,,,,,,,,,関連表1_L(車両信頼性)_XQ5.xlsx,,,,,,YES,,,,,,,,,ccm: None,YES,,,,,,,,,ccm: None,,,,,,,,,,,,,,,,,,,,,,,,,,,1,,,,,,,
,MSTR-009-0103900-d0007,,,,,,,,,,,,,,,,,,,,,,,,,,,,,,,,,,,,,,,,,,,,,,,,,,,,,,,,,,,,,,,,,,,,,,,,,,,,,,,,,,,,,,,,,,,,,,,,,関連表1_L(車両信頼性)_XQ5.xlsx,,,,,,YES,,,,,,,,,ccm: None,YES,,,,,,,,,ccm: None,,,,,,,,,,,,,,,,,,,,,,,,,,,,1,,,,,,
,MSTR-009-0103900-d0008,,,,,,,,,,,,,,,,,,,,,,,,,,,,,,,,,,,,,,,,,,,,,,,,,,,,,,,,,,,,,,,,,,,,,,,,,,,,,,,,,,,,,,,,,,,,,,,,,関連表1_L(車両信頼性)_XQ5.xlsx,,,,,,YES,,,,,,,,,ccm: None,YES,,,,,,,,,ccm: None,,,,,,,,,,,,,,,1,,,,,,,,,,,,,,,,,,,
,MSTR-009-0103900-d0009,,,,,,,,,,,,,,,,,,,,,,,,,,,,,,,,,,,,,,,,,,,,,,,,,,,,,,,,,,,,,,,,,,,,,,,,,,,,,,,,,,,,,,,,,,,,,,,,,関連表1_L(車両信頼性)_XQ5.xlsx,,,,,,YES,,,,,,,,,ccm: None,YES,,,,,,,,,ccm: None,,,,,,,,,,,,,,,,1,,,,,,,,,,,,,,,,,,
,MSTR-009-0104000,,,,,,,,,,,,,,,,,,,,,,,,,,,,,,,,,,,,,,,,,,,,,,,,,,,,,,,,,,,,,,,,,,,,,,,,,,,,,,,,,,,,,,,,,,,,,,,,,関連表1_L(車両信頼性)_XQ5.xlsx,,,,,,YES,,,,,,,,,ccm: None,YES,,,,,,,,,ccm: None,,,,,,,,,,,,,1,,,,,,,,,,,,,,,,,,,,,
,MSTR-009-0104000-d0001,,,,,,,,,,,,,,,,,,,,,,,,,,,,,,,,,,,,,,,,,,,,,,,,,,,,,,,,,,,,,,,,,,,,,,,,,,,,,,,,,,,,,,,,,,,,,,,,,関連表1_L(車両信頼性)_XQ5.xlsx,,,,,,YES,,,,,,,,,ccm: None,YES,,,,,,,,,ccm: None,,,,,,,,,,,,,,,1,,,,,,,,1,,,,,,,,,,,
,MSTR-009-0104000-d00010,,,,,,,,,,,,,,,,,,,,,,,,,,,,,,,,,,,,,,,,,,,,,,,,,,,,,,,,,,,,,,,,,,,,,,,,,,,,,,,,,,,,,,,,,,,,,,,,,関連表1_L(車両信頼性)_XQ5.xlsx,,,,,,YES,,,,,,,,,ccm: None,YES,,,,,,,,,ccm: None,,,,,,,,,,,,,,,,,1,,,,,,,,,,,,,,,,,
,MSTR-009-0104000-d0002,,,,,,,,,,,,,,,,,,,,,,,,,,,,,,,,,,,,,,,,,,,,,,,,,,,,,,,,,,,,,,,,,,,,,,,,,,,,,,,,,,,,,,,,,,,,,,,,,関連表1_L(車両信頼性)_XQ5.xlsx,,,,,,YES,,,,,,,,,ccm: None,YES,,,,,,,,,ccm: None,,,,,,,,,,,,,,,,,,,,,,,,,1,,,,,,,,,
,MSTR-009-0104000-d0003,,,,,,,,,,,,,,,,,,,,,,,,,,,,,,,,,,,,,,,,,,,,,,,,,,,,,,,,,,,,,,,,,,,,,,,,,,,,,,,,,,,,,,,,,,,,,,,,,関連表1_L(車両信頼性)_XQ5.xlsx,,,,,,YES,,,,,,,,,ccm: None,YES,,,,,,,,,ccm: None,,,,,,,,,,,,,,,,,,,,,,,,,,,,1,,,,,,
,MSTR-009-0104000-d0004,,,,,,,,,,,,,,,,,,,,,,,,,,,,,,,,,,,,,,,,,,,,,,,,,,,,,,,,,,,,,,,,,,,,,,,,,,,,,,,,,,,,,,,,,,,,,,,,,関連表1_L(車両信頼性)_XQ5.xlsx,,,,,,YES,,,,,,,,,ccm: None,YES,,,,,,,,,ccm: None,,,,,,,,,,,,,,,,,,,,,,,,,,,,,1,,,,,
,MSTR-009-0104000-d0005,,,,,,,,,,,,,,,,,,,,,,,,,,,,,,,,,,,,,,,,,,,,,,,,,,,,,,,,,,,,,,,,,,,,,,,,,,,,,,,,,,,,,,,,,,,,,,,,,関連表1_L(車両信頼性)_XQ5.xlsx,,,,,,YES,,,,,,,,,ccm: None,YES,,,,,,,,,ccm: None,,,,,,,,,,,,,,,,,,,,,,,,,,,,,,,,1,,
,MSTR-009-0104000-d0006,,,,,,,,,,,,,,,,,,,,,,,,,,,,,,,,,,,,,,,,,,,,,,,,,,,,,,,,,,,,,,,,,,,,,,,,,,,,,,,,,,,,,,,,,,,,,,,,,関連表1_L(車両信頼性)_XQ5.xlsx,,,,,,YES,,,,,,,,,ccm: None,YES,,,,,,,,,ccm: None,,,,,,,,,,,,,,,,,,,,,,,,,,,1,,,,,,,
,MSTR-009-0104000-d0007,,,,,,,,,,,,,,,,,,,,,,,,,,,,,,,,,,,,,,,,,,,,,,,,,,,,,,,,,,,,,,,,,,,,,,,,,,,,,,,,,,,,,,,,,,,,,,,,,関連表1_L(車両信頼性)_XQ5.xlsx,,,,,,YES,,,,,,,,,ccm: None,YES,,,,,,,,,ccm: None,,,,,,,,,,,,,,,,,,,,,,,,,,,,1,,,,,,
,MSTR-009-0104000-d0008,,,,,,,,,,,,,,,,,,,,,,,,,,,,,,,,,,,,,,,,,,,,,,,,,,,,,,,,,,,,,,,,,,,,,,,,,,,,,,,,,,,,,,,,,,,,,,,,,関連表1_L(車両信頼性)_XQ5.xlsx,,,,,,YES,,,,,,,,,ccm: None,YES,,,,,,,,,ccm: None,,,,,,,,,,,,,,,1,,,,,,,,,,,,,,,,,,,
,MSTR-009-0104000-d0009,,,,,,,,,,,,,,,,,,,,,,,,,,,,,,,,,,,,,,,,,,,,,,,,,,,,,,,,,,,,,,,,,,,,,,,,,,,,,,,,,,,,,,,,,,,,,,,,,関連表1_L(車両信頼性)_XQ5.xlsx,,,,,,YES,,,,,,,,,ccm: None,YES,,,,,,,,,ccm: None,,,,,,,,,,,,,,,,1,,,,,,,,,,,,,,,,,,
,MSTR-009-0106100,,,,,,,,,,,,,,,,,,,,,,,,,,,,,,,,,,,,,,,,,,,,,,,,,,,,,,,,,,,,,,,,,,,,,,,,,,,,,,,,,,,,,,,,,,,,,,,,,関連表1_L(車両信頼性)_XQ5.xlsx,,,,,,YES,,,,,,,,,axle: 2wd,YES,,,,,,,,,axle: 2wd,,,,,,,,,,,,,1,*,*,*,,,,,*,*,*,*,,,,,,,,,,
,MSTR-009-0106100-d0001,,,,,,,,,,,,,,,,,,,,,,,,,,,,,,,,,,,,,,,,,,,,,,,,,,,,,,,,,,,,,,,,,,,,,,,,,,,,,,,,,,,,,,,,,,,,,,,,,関連表1_L(車両信頼性)_XQ5.xlsx,,,,,,YES,,,,,,,,,axle: awd,YES,,,,,,,,,axle: awd,,,,,,,,,,,,,,,,,1,*,*,*,,,,,*,*,*,*,,,,,,
,MSTR-009-0106200,,,,,,,,,,,,,,,,,,,,,,,,,,,,,,,,,,,,,,,,,,,,,,,,,,,,,,,,,,,,,,,,,,,,,,,,,,,,,,,,,,,,,,,,,,,,,,,,,関連表1_L(車両信頼性)_XQ5.xlsx,,,,,,YES,,,,,,,,,axle: 2wd,YES,,,,,,,,,axle: 2wd,,,,,,,,,,,,,1,*,*,*,,,,,*,*,*,*,,,,,,,,,,
,MSTR-009-0106200-d0001,,,,,,,,,,,,,,,,,,,,,,,,,,,,,,,,,,,,,,,,,,,,,,,,,,,,,,,,,,,,,,,,,,,,,,,,,,,,,,,,,,,,,,,,,,,,,,,,,関連表1_L(車両信頼性)_XQ5.xlsx,,,,,,YES,,,,,,,,,axle: awd,YES,,,,,,,,,axle: awd,,,,,,,,,,,,,,,,,1,*,*,*,,,,,*,*,*,*,,,,,,
,MSTR-009-0106300,,,,,,,,,,,,,,,,,,,,,,,,,,,,,,,,,,,,,,,,,,,,,,,,,,,,,,,,,,,,,,,,,,,,,,,,,,,,,,,,,,,,,,,,,,,,,,,,,関連表1_L(車両信頼性)_XQ5.xlsx,,,,,,YES,,,,,,,,,axle: 2wd,YES,,,,,,,,,axle: 2wd,,,,,,,,,,,,,1,*,*,*,,,,,*,*,*,*,,,,,,,,,,
,MSTR-009-0106300-d0001,,,,,,,,,,,,,,,,,,,,,,,,,,,,,,,,,,,,,,,,,,,,,,,,,,,,,,,,,,,,,,,,,,,,,,,,,,,,,,,,,,,,,,,,,,,,,,,,,関連表1_L(車両信頼性)_XQ5.xlsx,,,,,,YES,,,,,,,,,axle: awd,YES,,,,,,,,,axle: awd,,,,,,,,,,,,,,,,,1,*,*,*,,,,,*,*,*,*,,,,,,
,MSTR-009-0106400,,,,,,,,,,,,,,,,,,,,,,,,,,,,,,,,,,,,,,,,,,,,,,,,,,,,,,,,,,,,,,,,,,,,,,,,,,,,,,,,,,,,,,,,,,,,,,,,,関連表1_L(車両信頼性)_XQ5.xlsx,,,,,,YES,,,,,,,,,axle: 2wd,YES,,,,,,,,,axle: 2wd,,,,,,,,,,,,,1,*,*,*,,,,,*,*,*,*,,,,,,,,,,
,MSTR-009-0106400-d0001,,,,,,,,,,,,,,,,,,,,,,,,,,,,,,,,,,,,,,,,,,,,,,,,,,,,,,,,,,,,,,,,,,,,,,,,,,,,,,,,,,,,,,,,,,,,,,,,,関連表1_L(車両信頼性)_XQ5.xlsx,,,,,,YES,,,,,,,,,axle: awd,YES,,,,,,,,,axle: awd,,,,,,,,,,,,,,,,,1,*,*,*,,,,,*,*,*,*,,,,,,
,MSTR-009-0106500,,,,,,,,,,,,,,,,,,,,,,,,,,,,,,,,,,,,,,,,,,,,,,,,,,,,,,,,,,,,,,,,,,,,,,,,,,,,,,,,,,,,,,,,,,,,,,,,,関連表1_L(車両信頼性)_XQ5.xlsx,,,,,,YES,,,,,,,,,axle: 2wd,YES,,,,,,,,,axle: 2wd,,,,,,,,,,,,,1,*,*,*,,,,,*,*,*,*,,,,,,,,,,
,MSTR-009-0106500-d0001,,,,,,,,,,,,,,,,,,,,,,,,,,,,,,,,,,,,,,,,,,,,,,,,,,,,,,,,,,,,,,,,,,,,,,,,,,,,,,,,,,,,,,,,,,,,,,,,,関連表1_L(車両信頼性)_XQ5.xlsx,,,,,,YES,,,,,,,,,axle: awd,YES,,,,,,,,,axle: awd,,,,,,,,,,,,,,,,,1,*,*,*,,,,,*,*,*,*,,,,,,
,MSTR-009-0106600,,,,,,,,,,,,,,,,,,,,,,,,,,,,,,,,,,,,,,,,,,,,,,,,,,,,,,,,,,,,,,,,,,,,,,,,,,,,,,,,,,,,,,,,,,,,,,,,,関連表1_L(車両信頼性)_XQ5.xlsx,,,,,,YES,,,,,,,,,axle: 2wd,YES,,,,,,,,,axle: 2wd,,,,,,,,,,,,,1,*,*,*,,,,,*,*,*,*,,,,,,,,,,
,MSTR-009-0106600-d0001,,,,,,,,,,,,,,,,,,,,,,,,,,,,,,,,,,,,,,,,,,,,,,,,,,,,,,,,,,,,,,,,,,,,,,,,,,,,,,,,,,,,,,,,,,,,,,,,,関連表1_L(車両信頼性)_XQ5.xlsx,,,,,,YES,,,,,,,,,axle: awd,YES,,,,,,,,,axle: awd,,,,,,,,,,,,,,,,,1,*,*,*,,,,,*,*,*,*,,,,,,
,MSTR-009-0106700,,,,,,,,,,,,,,,,,,,,,,,,,,,,,,,,,,,,,,,,,,,,,,,,,,,,,,,,,,,,,,,,,,,,,,,,,,,,,,,,,,,,,,,,,,,,,,,,,関連表1_L(車両信頼性)_XQ5.xlsx,,,,,,YES,,,,,,,,,axle: 2wd,YES,,,,,,,,,axle: 2wd,,,,,,,,,,,,,1,*,*,*,,,,,*,*,*,*,,,,,,,,,,
,MSTR-009-0106700-d0001,,,,,,,,,,,,,,,,,,,,,,,,,,,,,,,,,,,,,,,,,,,,,,,,,,,,,,,,,,,,,,,,,,,,,,,,,,,,,,,,,,,,,,,,,,,,,,,,,関連表1_L(車両信頼性)_XQ5.xlsx,,,,,,YES,,,,,,,,,axle: awd,YES,,,,,,,,,axle: awd,,,,,,,,,,,,,,,,,1,*,*,*,,,,,*,*,*,*,,,,,,
,MSTR-009-0106800,,,,,,,,,,,,,,,,,,,,,,,,,,,,,,,,,,,,,,,,,,,,,,,,,,,,,,,,,,,,,,,,,,,,,,,,,,,,,,,,,,,,,,,,,,,,,,,,,関連表1_L(車両信頼性)_XQ5.xlsx,,,,,,YES,,,,,,,,,,YES,,,,,,,,,,,,,,,,,,,,,,1,*,*,*,*,*,*,*,*,*,*,*,*,*,*,*,,,,,,
,MSTR-009-0106900,,,,,,,,,,,,,,,,,,,,,,,,,,,,,,,,,,,,,,,,,,,,,,,,,,,,,,,,,,,,,,,,,,,,,,,,,,,,,,,,,,,,,,,,,,,,,,,,,関連表1_L(車両信頼性)_XQ5.xlsx,,,,,,YES,,,,,,,,,,YES,,,,,,,,,,,,,,,,,,,,,,1,*,*,*,*,*,*,*,*,*,*,*,*,*,*,*,,,,,,
,MSTR-009-0107100,,,,,,,,,,,,,,,,,,,,,,,,,,,,,,,,,,,,,,,,,,,,,,,,,,,,,,,,,,,,,,,,,,,,,,,,,,,,,,,,,,,,,,,,,,,,,,,,,関連表1_L(車両信頼性)_XQ5.xlsx,,,,,,YES,,,,,,,,,axle: 2wd,YES,,,,,,,,,axle: 2wd,,,,,,,,,,,,,1,*,*,*,,,,,*,*,*,*,,,,,,,,,,
,MSTR-009-0107100-d0001,,,,,,,,,,,,,,,,,,,,,,,,,,,,,,,,,,,,,,,,,,,,,,,,,,,,,,,,,,,,,,,,,,,,,,,,,,,,,,,,関連表1_L(車両信頼性)_XQ5.xlsx,,,,,,YES,,,,,,,,,,axle: 2wd,,,,,,,,,,,,,,,,,,,,,,,,,,,,,,,,,,,,,,,,,,*,,,,,,,,1,,,,,,,,,,
,MSTR-009-0107100-d0002,,,,,,,,,,,,,,,,,,,,,,,,,,,,,,,,,,,,,,,,,,,,,,,,,,,,,,,,,,,,,,,,,,,,,,,,,,,,,,,,,,,,,,,,,,,,,,,,,関連表1_L(車両信頼性)_XQ5.xlsx,,,,,,YES,,,,,,,,,axle: awd,YES,,,,,,,,,axle: awd,,,,,,,,,,,,,,,,,1,*,*,*,,,,,*,*,*,*,,,,,,
,MSTR-009-0107100-d0003,,,,,,,,,,,,,,,,,,,,,,,,,,,,,,,,,,,,,,,,,,,,,,,,,,,,,,,,,,,,,,,,,,,,,,,,,,,,,,,,関連表1_L(車両信頼性)_XQ5.xlsx,,,,,,YES,,,,,,,,,,axle: awd,,,,,,,,,,,,,,,,,,,,,,,,,,,,,,,,,,,,,,,,,,,,,,1,,,,,,,,*,,,,,,
,MSTR-009-0107200,,,,,,,,,,,,,,,,,,,,,,,,,,,,,,,,,,,,,,,,,,,,,,,,,,,,,,,,,,,,,,,,,,,,,,,,,,,,,,,,,,,,,,,,,,,,,,,,,関連表1_L(車両信頼性)_XQ5.xlsx,,,,,,YES,,,,,,,,,axle: 2wd,YES,,,,,,,,,axle: 2wd,,,,,,,,,,,,,1,*,*,*,,,,,*,*,*,*,,,,,,,,,,
,MSTR-009-0107200-d0001,,,,,,,,,,,,,,,,,,,,,,,,,,,,,,,,,,,,,,,,,,,,,,,,,,,,,,,,,,,,,,,,,,,,,,,,,,,,,,,,関連表1_L(車両信頼性)_XQ5.xlsx,,,,,,YES,,,,,,,,,,axle: 2wd,,,,,,,,,,,,,,,,,,,,,,,,,,,,,,,,,,,,,,,,,,*,,,,,,,,1,,,,,,,,,,
,MSTR-009-0107200-d0002,,,,,,,,,,,,,,,,,,,,,,,,,,,,,,,,,,,,,,,,,,,,,,,,,,,,,,,,,,,,,,,,,,,,,,,,,,,,,,,,,,,,,,,,,,,,,,,,,関連表1_L(車両信頼性)_XQ5.xlsx,,,,,,YES,,,,,,,,,axle: awd,YES,,,,,,,,,axle: awd,,,,,,,,,,,,,,,,,1,*,*,*,,,,,*,*,*,*,,,,,,
,MSTR-009-0107200-d0003,,,,,,,,,,,,,,,,,,,,,,,,,,,,,,,,,,,,,,,,,,,,,,,,,,,,,,,,,,,,,,,,,,,,,,,,,,,,,,,,関連表1_L(車両信頼性)_XQ5.xlsx,,,,,,YES,,,,,,,,,,axle: awd,,,,,,,,,,,,,,,,,,,,,,,,,,,,,,,,,,,,,,,,,,,,,,1,,,,,,,,*,,,,,,
,MSTR-009-0107300,,,,,,,,,,,,,,,,,,,,,,,,,,,,,,,,,,,,,,,,,,,,,,,,,,,,,,,,,,,,,,,,,,,,,,,,,,,,,,,,,,,,,,,,,,,,,,,,,関連表1_L(車両信頼性)_XQ5.xlsx,,,,,,YES,,,,,,,,,axle: 2wd,YES,,,,,,,,,axle: 2wd,,,,,,,,,,,,,1,*,*,*,,,,,*,*,*,*,,,,,,,,,,
,MSTR-009-0107300-d0001,,,,,,,,,,,,,,,,,,,,,,,,,,,,,,,,,,,,,,,,,,,,,,,,,,,,,,,,,,,,,,,,,,,,,,,,,,,,,,,,関連表1_L(車両信頼性)_XQ5.xlsx,,,,,,YES,,,,,,,,,,axle: 2wd,,,,,,,,,,,,,,,,,,,,,,,,,,,,,,,,,,,,,,,,,,*,,,,,,,,1,,,,,,,,,,
,MSTR-009-0107300-d0002,,,,,,,,,,,,,,,,,,,,,,,,,,,,,,,,,,,,,,,,,,,,,,,,,,,,,,,,,,,,,,,,,,,,,,,,,,,,,,,,,,,,,,,,,,,,,,,,,関連表1_L(車両信頼性)_XQ5.xlsx,,,,,,YES,,,,,,,,,axle: awd,YES,,,,,,,,,axle: awd,,,,,,,,,,,,,,,,,1,*,*,*,,,,,*,*,*,*,,,,,,
,MSTR-009-0107300-d0003,,,,,,,,,,,,,,,,,,,,,,,,,,,,,,,,,,,,,,,,,,,,,,,,,,,,,,,,,,,,,,,,,,,,,,,,,,,,,,,,関連表1_L(車両信頼性)_XQ5.xlsx,,,,,,YES,,,,,,,,,,axle: awd,,,,,,,,,,,,,,,,,,,,,,,,,,,,,,,,,,,,,,,,,,,,,,1,,,,,,,,*,,,,,,
,MSTR-009-0107400,,,,,,,,,,,,,,,,,,,,,,,,,,,,,,,,,,,,,,,,,,,,,,,,,,,,,,,,,,,,,,,,,,,,,,,,,,,,,,,,,,,,,,,,,,,,,,,,,関連表1_L(車両信頼性)_XQ5.xlsx,,,,,,YES,,,,,,,,,axle: 2wd,YES,,,,,,,,,axle: 2wd,,,,,,,,,,,,,1,*,*,*,,,,,*,*,*,*,,,,,,,,,,
,MSTR-009-0107400-d0001,,,,,,,,,,,,,,,,,,,,,,,,,,,,,,,,,,,,,,,,,,,,,,,,,,,,,,,,,,,,,,,,,,,,,,,,,,,,,,,,関連表1_L(車両信頼性)_XQ5.xlsx,,,,,,YES,,,,,,,,,,axle: 2wd,,,,,,,,,,,,,,,,,,,,,,,,,,,,,,,,,,,,,,,,,,*,,,,,,,,1,,,,,,,,,,
,MSTR-009-0107400-d0002,,,,,,,,,,,,,,,,,,,,,,,,,,,,,,,,,,,,,,,,,,,,,,,,,,,,,,,,,,,,,,,,,,,,,,,,,,,,,,,,,,,,,,,,,,,,,,,,,関連表1_L(車両信頼性)_XQ5.xlsx,,,,,,YES,,,,,,,,,axle: awd,YES,,,,,,,,,axle: awd,,,,,,,,,,,,,,,,,1,*,*,*,,,,,*,*,*,*,,,,,,
,MSTR-009-0107400-d0003,,,,,,,,,,,,,,,,,,,,,,,,,,,,,,,,,,,,,,,,,,,,,,,,,,,,,,,,,,,,,,,,,,,,,,,,,,,,,,,,関連表1_L(車両信頼性)_XQ5.xlsx,,,,,,YES,,,,,,,,,,axle: awd,,,,,,,,,,,,,,,,,,,,,,,,,,,,,,,,,,,,,,,,,,,,,,1,,,,,,,,*,,,,,,
,MSTR-009-0107500,,,,,,,,,,,,,,,,,,,,,,,,,,,,,,,,,,,,,,,,,,,,,,,,,,,,,,,,,,,,,,,,,,,,,,,,,,,,,,,,関連表1_L(車両信頼性)_XQ5.xlsx,,,,,,YES,,,,,,,,,,axle: 2wd,,,,,,,,,,,,,,,,,,,,,,,,,,,,,,,,,,,,,,,,,,*,,,,,,,,1,,,,,,,,,,
,MSTR-009-0107500-d0001,,,,,,,,,,,,,,,,,,,,,,,,,,,,,,,,,,,,,,,,,,,,,,,,,,,,,,,,,,,,,,,,,,,,,,,,,,,,,,,,,,,,,,,,,,,,,,,,,関連表1_L(車両信頼性)_XQ5.xlsx,,,,,,YES,,,,,,,,,axle: 2wd,YES,,,,,,,,,axle: 2wd,,,,,,,,,,,,,1,*,*,*,,,,,*,*,*,*,,,,,,,,,,
,MSTR-009-0107500-d0002,,,,,,,,,,,,,,,,,,,,,,,,,,,,,,,,,,,,,,,,,,,,,,,,,,,,,,,,,,,,,,,,,,,,,,,,,,,,,,,,関連表1_L(車両信頼性)_XQ5.xlsx,,,,,,YES,,,,,,,,,,axle: awd,,,,,,,,,,,,,,,,,,,,,,,,,,,,,,,,,,,,,,,,,,,,,,1,,,,,,,,*,,,,,,
,MSTR-009-0107500-d0003,,,,,,,,,,,,,,,,,,,,,,,,,,,,,,,,,,,,,,,,,,,,,,,,,,,,,,,,,,,,,,,,,,,,,,,,,,,,,,,,,,,,,,,,,,,,,,,,,関連表1_L(車両信頼性)_XQ5.xlsx,,,,,,YES,,,,,,,,,axle: awd,YES,,,,,,,,,axle: awd,,,,,,,,,,,,,,,,,1,*,*,*,,,,,*,*,*,*,,,,,,
,MSTR-009-0107600,,,,,,,,,,,,,,,,,,,,,,,,,,,,,,,,,,,,,,,,,,,,,,,,,,,,,,,,,,,,,,,,,,,,,,,,,,,,,,,,関連表1_L(車両信頼性)_XQ5.xlsx,,,,,,YES,,,,,,,,,,axle: 2wd,,,,,,,,,,,,,,,,,,,,,,,,,,,,,,,,,,,,,,,,,,*,,,,,,,,1,,,,,,,,,,
,MSTR-009-0107600-d0001,,,,,,,,,,,,,,,,,,,,,,,,,,,,,,,,,,,,,,,,,,,,,,,,,,,,,,,,,,,,,,,,,,,,,,,,,,,,,,,,,,,,,,,,,,,,,,,,,関連表1_L(車両信頼性)_XQ5.xlsx,,,,,,YES,,,,,,,,,axle: 2wd,YES,,,,,,,,,axle: 2wd,,,,,,,,,,,,,1,*,*,*,,,,,*,*,*,*,,,,,,,,,,
,MSTR-009-0107600-d0002,,,,,,,,,,,,,,,,,,,,,,,,,,,,,,,,,,,,,,,,,,,,,,,,,,,,,,,,,,,,,,,,,,,,,,,,,,,,,,,,,,,,,,,,,,,,,,,,,関連表1_L(車両信頼性)_XQ5.xlsx,,,,,,YES,,,,,,,,,axle: awd,YES,,,,,,,,,axle: awd,,,,,,,,,,,,,,,,,1,*,*,*,,,,,*,*,*,*,,,,,,
,MSTR-009-0107600-d0003,,,,,,,,,,,,,,,,,,,,,,,,,,,,,,,,,,,,,,,,,,,,,,,,,,,,,,,,,,,,,,,,,,,,,,,,,,,,,,,,関連表1_L(車両信頼性)_XQ5.xlsx,,,,,,YES,,,,,,,,,,axle: awd,,,,,,,,,,,,,,,,,,,,,,,,,,,,,,,,,,,,,,,,,,,,,,1,,,,,,,,*,,,,,,
,MSTR-009-0107700,,,,,,,,,,,,,,,,,,,,,,,,,,,,,,,,,,,,,,,,,,,,,,,,,,,,,,,,,,,,,,,,,,,,,,,,,,,,,,,,,,,,,,,,,,,,,,,,,関連表1_L(車両信頼性)_XQ5.xlsx,,,,,,YES,,,,,,,,,axle: 2wd,YES,,,,,,,,,axle: 2wd,,,,,,,,,,,,,1,*,*,*,,,,,*,*,*,*,,,,,,,,,,
,MSTR-009-0107700-d0001,,,,,,,,,,,,,,,,,,,,,,,,,,,,,,,,,,,,,,,,,,,,,,,,,,,,,,,,,,,,,,,,,,,,,,,,,,,,,,,,関連表1_L(車両信頼性)_XQ5.xlsx,,,,,,YES,,,,,,,,,,axle: 2wd,,,,,,,,,,,,,,,,,,,,,,,,,,,,,,,,,,,,,,,,,,*,,,,,,,,1,,,,,,,,,,
,MSTR-009-0107700-d0002,,,,,,,,,,,,,,,,,,,,,,,,,,,,,,,,,,,,,,,,,,,,,,,,,,,,,,,,,,,,,,,,,,,,,,,,,,,,,,,,関連表1_L(車両信頼性)_XQ5.xlsx,,,,,,YES,,,,,,,,,,axle: awd,,,,,,,,,,,,,,,,,,,,,,,,,,,,,,,,,,,,,,,,,,,,,,1,,,,,,,,*,,,,,,
,MSTR-009-0107700-d0003,,,,,,,,,,,,,,,,,,,,,,,,,,,,,,,,,,,,,,,,,,,,,,,,,,,,,,,,,,,,,,,,,,,,,,,,,,,,,,,,,,,,,,,,,,,,,,,,,関連表1_L(車両信頼性)_XQ5.xlsx,,,,,,YES,,,,,,,,,axle: awd,YES,,,,,,,,,axle: awd,,,,,,,,,,,,,,,,,1,*,*,*,,,,,*,*,*,*,,,,,,
,MSTR-009-0107800,,,,,,,,,,,,,,,,,,,,,,,,,,,,,,,,,,,,,,,,,,,,,,,,,,,,,,,,,,,,,,,,,,,,,,,,,,,,,,,,関連表1_L(車両信頼性)_XQ5.xlsx,,,,,,YES,,,,,,,,,,axle: 2wd,,,,,,,,,,,,,,,,,,,,,,,,,,,,,,,,,,,,,,,,,,*,,,,,,,,1,,,,,,,,,,
,MSTR-009-0107800-d0001,,,,,,,,,,,,,,,,,,,,,,,,,,,,,,,,,,,,,,,,,,,,,,,,,,,,,,,,,,,,,,,,,,,,,,,,,,,,,,,,,,,,,,,,,,,,,,,,,関連表1_L(車両信頼性)_XQ5.xlsx,,,,,,YES,,,,,,,,,axle: 2wd,YES,,,,,,,,,axle: 2wd,,,,,,,,,,,,,1,*,*,*,,,,,*,*,*,*,,,,,,,,,,
,MSTR-009-0107800-d0002,,,,,,,,,,,,,,,,,,,,,,,,,,,,,,,,,,,,,,,,,,,,,,,,,,,,,,,,,,,,,,,,,,,,,,,,,,,,,,,,関連表1_L(車両信頼性)_XQ5.xlsx,,,,,,YES,,,,,,,,,,axle: awd,,,,,,,,,,,,,,,,,,,,,,,,,,,,,,,,,,,,,,,,,,,,,,1,,,,,,,,*,,,,,,
,MSTR-009-0107800-d0003,,,,,,,,,,,,,,,,,,,,,,,,,,,,,,,,,,,,,,,,,,,,,,,,,,,,,,,,,,,,,,,,,,,,,,,,,,,,,,,,,,,,,,,,,,,,,,,,,関連表1_L(車両信頼性)_XQ5.xlsx,,,,,,YES,,,,,,,,,axle: awd,YES,,,,,,,,,axle: awd,,,,,,,,,,,,,,,,,1,*,*,*,,,,,*,*,*,*,,,,,,
,MSTR-009-0107900,,,,,,,,,,,,,,,,,,,,,,,,,,,,,,,,,,,,,,,,,,,,,,,,,,,,,,,,,,,,,,,,,,,,,,,,,,,,,,,,関連表1_L(車両信頼性)_XQ5.xlsx,,,,,,YES,,,,,,,,,,axle: 2wd,,,,,,,,,,,,,,,,,,,,,,,,,,,,,,,,,,,,,,,,,,*,,,,,,,,1,,,,,,,,,,
,MSTR-009-0107900-d0001,,,,,,,,,,,,,,,,,,,,,,,,,,,,,,,,,,,,,,,,,,,,,,,,,,,,,,,,,,,,,,,,,,,,,,,,,,,,,,,,,,,,,,,,,,,,,,,,,関連表1_L(車両信頼性)_XQ5.xlsx,,,,,,YES,,,,,,,,,axle: 2wd,YES,,,,,,,,,axle: 2wd,,,,,,,,,,,,,1,*,*,*,,,,,*,*,*,*,,,,,,,,,,
,MSTR-009-0107900-d0002,,,,,,,,,,,,,,,,,,,,,,,,,,,,,,,,,,,,,,,,,,,,,,,,,,,,,,,,,,,,,,,,,,,,,,,,,,,,,,,,,,,,,,,,,,,,,,,,,関連表1_L(車両信頼性)_XQ5.xlsx,,,,,,YES,,,,,,,,,axle: awd,YES,,,,,,,,,axle: awd,,,,,,,,,,,,,,,,,1,*,*,*,,,,,*,*,*,*,,,,,,
,MSTR-009-0107900-d0003,,,,,,,,,,,,,,,,,,,,,,,,,,,,,,,,,,,,,,,,,,,,,,,,,,,,,,,,,,,,,,,,,,,,,,,,,,,,,,,,関連表1_L(車両信頼性)_XQ5.xlsx,,,,,,YES,,,,,,,,,,axle: awd,,,,,,,,,,,,,,,,,,,,,,,,,,,,,,,,,,,,,,,,,,,,,,1,,,,,,,,*,,,,,,
,MSTR-009-0108000,,,,,,,,,,,,,,,,,,,,,,,,,,,,,,,,,,,,,,,,,,,,,,,,,,,,,,,,,,,,,,,,,,,,,,,,,,,,,,,,,,,,,,,,,,,,,,,,,関連表1_L(車両信頼性)_XQ5.xlsx,,,,,,YES,,,,,,,,,axle: 2wd,YES,,,,,,,,,axle: 2wd,,,,,,,,,,,,,1,*,*,*,,,,,*,*,*,*,,,,,,,,,,
,MSTR-009-0108000-d0001,,,,,,,,,,,,,,,,,,,,,,,,,,,,,,,,,,,,,,,,,,,,,,,,,,,,,,,,,,,,,,,,,,,,,,,,,,,,,,,,関連表1_L(車両信頼性)_XQ5.xlsx,,,,,,YES,,,,,,,,,,axle: 2wd,,,,,,,,,,,,,,,,,,,,,,,,,,,,,,,,,,,,,,,,,,*,,,,,,,,1,,,,,,,,,,
,MSTR-009-0108000-d0002,,,,,,,,,,,,,,,,,,,,,,,,,,,,,,,,,,,,,,,,,,,,,,,,,,,,,,,,,,,,,,,,,,,,,,,,,,,,,,,,,,,,,,,,,,,,,,,,,関連表1_L(車両信頼性)_XQ5.xlsx,,,,,,YES,,,,,,,,,axle: awd,YES,,,,,,,,,axle: awd,,,,,,,,,,,,,,,,,1,*,*,*,,,,,*,*,*,*,,,,,,
,MSTR-009-0108000-d0003,,,,,,,,,,,,,,,,,,,,,,,,,,,,,,,,,,,,,,,,,,,,,,,,,,,,,,,,,,,,,,,,,,,,,,,,,,,,,,,,関連表1_L(車両信頼性)_XQ5.xlsx,,,,,,YES,,,,,,,,,,axle: awd,,,,,,,,,,,,,,,,,,,,,,,,,,,,,,,,,,,,,,,,,,,,,,1,,,,,,,,*,,,,,,
,MSTR-009-0110100,,,,,,,,,,,,,,,,,,,,,,,,,,,,,,,,,,,,,,,,,,,,,,,,,,,,,,,,,,,,,,,,,,,,,,,,,,,,,,,,,,,,,,,,,,,,,,,,,関連表1_L(車両信頼性)_XQ5.xlsx,,,,,,YES,,,,,,,,,,YES,,,,,,,,,,,,,,,,,,,,,,,,,,,,,,,,,,,,,,,,,,要望仕様が存在しない,SUSPENSION TYPE: ALL
,MSTR-009-0110200,,,,,,,,,,,,,,,,,,,,,,,,,,,,,,,,,,,,,,,,,,,,,,,,,,,,,,,,,,,,,,,,,,,,,,,,,,,,,,,,,,,,,,,,,,,,,,,,,関連表1_L(車両信頼性)_XQ5.xlsx,,,,,,YES,,,,,,,,,,YES,,,,,,,,,,,,,,,,,,,,,,,,,,,,,,,,,,,,,,,,,,要望仕様が存在しない,SUSPENSION TYPE: ALL
,MSTR-009-0110300,,,,,,,,,,,,,,,,,,,,,,,,,,,,,,,,,,,,,,,,,,,,,,,,,,,,,,,,,,,,,,,,,,,,,,,,,,,,,,,,,,,,,,,,,,,,,,,,,関連表1_L(車両信頼性)_XQ5.xlsx,,,,,,YES,,,,,,,,,,YES,,,,,,,,,,,,,,,,,,,,,,,,,,,,,,,,,,,,,,,,,,要望仕様が存在しない,SUSPENSION TYPE: ALL
,MSTR-009-0110400,,,,,,,,,,,,,,,,,,,,,,,,,,,,,,,,,,,,,,,,,,,,,,,,,,,,,,,,,,,,,,,,,,,,,,,,,,,,,,,,,,,,,,,,,,,,,,,,,関連表1_L(車両信頼性)_XQ5.xlsx,,,,,,YES,,,,,,,,,,YES,,,,,,,,,,,,,,,,,,,,,,,,,,,,,,,,,,,,,,,,,,要望仕様が存在しない,SUSPENSION TYPE: ALL
,MSTR-009-0111500,,,,,,,,,,,,,,,,,,,,,,,,,,,,,,,,,,,,,,,,,,,,,,,,,,,,,,,,,,,,,,,,,,,,,,,,,,,,,,,,,,,,,,,,,,,,,,,,,関連表1_L(車両信頼性)_XQ5.xlsx,,,,,,YES,,,,,,,,,"grade: l5, グレード選択: 最上級",,,,,,,,,,,,,,,,,,,,,,,,,,1,,,,*,,,,*,,,,*,,,,,,
,MSTR-009-0111500-d0001,,,,,,,,,,,,,,,,,,,,,,,,,,,,,,,,,,,,,,,,,,,,,,,,,,,,,,,,,,,,,,,,,,,,,,,,,,,,,,,,関連表1_L(車両信頼性)_XQ5.xlsx,,,,,,YES,,,,,,,,,,"grade: l5, グレード選択: 最上級",,,,,,,,,,,,,,,,,,,,,,,,,,,,,,,,,,,,,,,,,,*,,,,*,,,,1,,,,*,,,,,,
,MSTR-009-0111600,,,,,,,,,,,,,,,,,,,,,,,,,,,,,,,,,,,,,,,,,,,,,,,,,,,,,,,,,,,,,,,,,,,,,,,,,,,,,,,,関連表1_L(車両信頼性)_XQ5.xlsx,,,,,,YES,,,,,,,,,,"grade: l5, グレード選択: 最上級",,,,,,,,,,,,,,,,,,,,,,,,,,,,,,,,,,,,,,,,,,*,,,,*,,,,1,,,,*,,,,,,
,MSTR-009-0111600-d0001,,,,,,,,,,,,,,,,,,,,,,,,,,,,,,,,,,,,,,,,,,,,,,,,,,,,,,,,,,,,,,,,,,,,,,,,,,,,,,,,,,,,,,,,,,,,,,,,,関連表1_L(車両信頼性)_XQ5.xlsx,,,,,,YES,,,,,,,,,"grade: l5, グレード選択: 最上級",,,,,,,,,,,,,,,,,,,,,,,,,,1,,,,*,,,,*,,,,*,,,,,,
,MSTR-009-0111700,,,,,,,,,,,,,,,,,,,,,,,,,,,,,,,,,,,,,,,,,,,,,,,,,,,,,,,,,,,,,,,,,,,,,,,,,,,,,,,,関連表1_L(車両信頼性)_XQ5.xlsx,,,,,,YES,,,,,,,,,,"grade: l5, グレード選択: 最上級",,,,,,,,,,,,,,,,,,,,,,,,,,,,,,,,,,,,,,,,,,*,,,,*,,,,1,,,,*,,,,,,
,MSTR-009-0111700-d0001,,,,,,,,,,,,,,,,,,,,,,,,,,,,,,,,,,,,,,,,,,,,,,,,,,,,,,,,,,,,,,,,,,,,,,,,,,,,,,,,,,,,,,,,,,,,,,,,,関連表1_L(車両信頼性)_XQ5.xlsx,,,,,,YES,,,,,,,,,"grade: l5, グレード選択: 最上級",,,,,,,,,,,,,,,,,,,,,,,,,,1,,,,*,,,,*,,,,*,,,,,,
,MSTR-009-0111800,,,,,,,,,,,,,,,,,,,,,,,,,,,,,,,,,,,,,,,,,,,,,,,,,,,,,,,,,,,,,,,,,,,,,,,,,,,,,,,,関連表1_L(車両信頼性)_XQ5.xlsx,,,,,,YES,,,,,,,,,,"grade: l5, グレード選択: 最上級",,,,,,,,,,,,,,,,,,,,,,,,,,,,,,,,,,,,,,,,,,*,,,,*,,,,1,,,,*,,,,,,
,MSTR-009-0111800-d0001,,,,,,,,,,,,,,,,,,,,,,,,,,,,,,,,,,,,,,,,,,,,,,,,,,,,,,,,,,,,,,,,,,,,,,,,,,,,,,,,,,,,,,,,,,,,,,,,,関連表1_L(車両信頼性)_XQ5.xlsx,,,,,,YES,,,,,,,,,"grade: l5, グレード選択: 最上級",,,,,,,,,,,,,,,,,,,,,,,,,,1,,,,*,,,,*,,,,*,,,,,,
,MSTR-009-0111900,,,,,,,,,,,,,,,,,,,,,,,,,,,,,,,,,,,,,,,,,,,,,,,,,,,,,,,,,,,,,,,,,,,,,,,,,,,,,,,,関連表1_L(車両信頼性)_XQ5.xlsx,,,,,,YES,,,,,,,,,,"grade: l5, グレード選択: 最上級",,,,,,,,,,,,,,,,,,,,,,,,,,,,,,,,,,,,,,,,,,*,,,,*,,,,1,,,,*,,,,,,
,MSTR-009-0111900-d0001,,,,,,,,,,,,,,,,,,,,,,,,,,,,,,,,,,,,,,,,,,,,,,,,,,,,,,,,,,,,,,,,,,,,,,,,,,,,,,,,,,,,,,,,,,,,,,,,,関連表1_L(車両信頼性)_XQ5.xlsx,,,,,,YES,,,,,,,,,"grade: l5, グレード選択: 最上級",,,,,,,,,,,,,,,,,,,,,,,,,,1,,,,*,,,,*,,,,*,,,,,,
,MSTR-009-0112000,,,,,,,,,,,,,,,,,,,,,,,,,,,,,,,,,,,,,,,,,,,,,,,,,,,,,,,,,,,,,,,,,,,,,,,,,,,,,,,,関連表1_L(車両信頼性)_XQ5.xlsx,,,,,,YES,,,,,,,,,,"grade: l5, グレード選択: 最上級",,,,,,,,,,,,,,,,,,,,,,,,,,,,,,,,,,,,,,,,,,*,,,,*,,,,1,,,,*,,,,,,
,MSTR-009-0112000-d0001,,,,,,,,,,,,,,,,,,,,,,,,,,,,,,,,,,,,,,,,,,,,,,,,,,,,,,,,,,,,,,,,,,,,,,,,,,,,,,,,,,,,,,,,,,,,,,,,,関連表1_L(車両信頼性)_XQ5.xlsx,,,,,,YES,,,,,,,,,"grade: l5, グレード選択: 最上級",,,,,,,,,,,,,,,,,,,,,,,,,,1,,,,*,,,,*,,,,*,,,,,,
,MSTR-009-0112100,,,,,,,,,,,,,,,,,,,,,,,,,,,,,,,,,,,,,,,,,,,,,,,,,,,,,,,,,,,,,,,,,,,,,,,,,,,,,,,,関連表1_L(車両信頼性)_XQ5.xlsx,,,,,,YES,,,,,,,,,,"grade: l5, グレード選択: 最上級",,,,,,,,,,,,,,,,,,,,,,,,,,,,,,,,,,,,,,,,,,*,,,,*,,,,1,,,,*,,,,,,
,MSTR-009-0112100-d0001,,,,,,,,,,,,,,,,,,,,,,,,,,,,,,,,,,,,,,,,,,,,,,,,,,,,,,,,,,,,,,,,,,,,,,,,,,,,,,,,,,,,,,,,,,,,,,,,,関連表1_L(車両信頼性)_XQ5.xlsx,,,,,,YES,,,,,,,,,"grade: l5, グレード選択: 最上級",,,,,,,,,,,,,,,,,,,,,,,,,,1,,,,*,,,,*,,,,*,,,,,,
,MSTR-009-0112200,,,,,,,,,,,,,,,,,,,,,,,,,,,,,,,,,,,,,,,,,,,,,,,,,,,,,,,,,,,,,,,,,,,,,,,,,,,,,,,,,,,,,,,,,,,,,,,,,関連表1_L(車両信頼性)_XQ5.xlsx,,,,,,YES,,,,,,,,,"grade: l5, グレード選択: 最上級",,,,,,,,,,,,,,,,,,,,,,,,,,1,,,,*,,,,*,,,,*,,,,,,
,MSTR-009-0112200-d0001,,,,,,,,,,,,,,,,,,,,,,,,,,,,,,,,,,,,,,,,,,,,,,,,,,,,,,,,,,,,,,,,,,,,,,,,,,,,,,,,関連表1_L(車両信頼性)_XQ5.xlsx,,,,,,YES,,,,,,,,,,"grade: l5, グレード選択: 最上級",,,,,,,,,,,,,,,,,,,,,,,,,,,,,,,,,,,,,,,,,,*,,,,*,,,,1,,,,*,,,,,,
,MSTR-009-0112300,,,,,,,,,,,,,,,,,,,,,,,,,,,,,,,,,,,,,,,,,,,,,,,,,,,,,,,,,,,,,,,,,,,,,,,,,,,,,,,,関連表1_L(車両信頼性)_XQ5.xlsx,,,,,,YES,,,,,,,,,,"grade: l5, グレード選択: 最上級",,,,,,,,,,,,,,,,,,,,,,,,,,,,,,,,,,,,,,,,,,*,,,,*,,,,1,,,,*,,,,,,
,MSTR-009-0112300-d0001,,,,,,,,,,,,,,,,,,,,,,,,,,,,,,,,,,,,,,,,,,,,,,,,,,,,,,,,,,,,,,,,,,,,,,,,,,,,,,,,,,,,,,,,,,,,,,,,,関連表1_L(車両信頼性)_XQ5.xlsx,,,,,,YES,,,,,,,,,"grade: l5, グレード選択: 最上級",,,,,,,,,,,,,,,,,,,,,,,,,,1,,,,*,,,,*,,,,*,,,,,,
,MSTR-009-0112400,,,,,,,,,,,,,,,,,,,,,,,,,,,,,,,,,,,,,,,,,,,,,,,,,,,,,,,,,,,,,,,,,,,,,,,,,,,,,,,,,,,,,,,,,,,,,,,,,関連表1_L(車両信頼性)_XQ5.xlsx,,,,,,YES,,,,,,,,,"grade: l5, グレード選択: 最上級",,,,,,,,,,,,,,,,,,,,,,,,,,1,,,,*,,,,*,,,,*,,,,,,
,MSTR-009-0112400-d0001,,,,,,,,,,,,,,,,,,,,,,,,,,,,,,,,,,,,,,,,,,,,,,,,,,,,,,,,,,,,,,,,,,,,,,,,,,,,,,,,関連表1_L(車両信頼性)_XQ5.xlsx,,,,,,YES,,,,,,,,,,"grade: l5, グレード選択: 最上級",,,,,,,,,,,,,,,,,,,,,,,,,,,,,,,,,,,,,,,,,,*,,,,*,,,,1,,,,*,,,,,,
,MSTR-009-0114700,,,,,,,,,,,,,,,,,,,,,,,,,,,,,,,,,,,,,,,,,,,,,,,,,,,,,,,,,,,,,,,,,,,,,,,,,,,,,,,,,,,,,,,,,,,,,,,,,関連表1_L(車両信頼性)_XQ5.xlsx,,,,,,YES,,,,,,,,,ccm: None,,,,,,,,,,,,,,,,,,,,,,,1,,,,,,,,,,,,,,,,,,,,,
,MSTR-009-0114700-d0001,,,,,,,,,,,,,,,,,,,,,,,,,,,,,,,,,,,,,,,,,,,,,,,,,,,,,,,,,,,,,,,,,,,,,,,,,,,,,,,,,,,,,,,,,,,,,,,,,関連表1_L(車両信頼性)_XQ5.xlsx,,,,,,YES,,,,,,,,,ccm: None,,,,,,,,,,,,,,,,,,,,,,,,,1,,,,,,,,,1,,,,,,,,,,
,MSTR-009-0114700-d00010,,,,,,,,,,,,,,,,,,,,,,,,,,,,,,,,,,,,,,,,,,,,,,,,,,,,,,,,,,,,,,,,,,,,,,,,,,,,,,,,,,,,,,,,,,,,,,,,,関連表1_L(車両信頼性)_XQ5.xlsx,,,,,,YES,,,,,,,,,ccm: None,,,,,,,,,,,,,,,,,,,,,,,,,,,1,,,,,,,,,,,,,,,,,
,MSTR-009-0114700-d0002,,,,,,,,,,,,,,,,,,,,,,,,,,,,,,,,,,,,,,,,,,,,,,,,,,,,,,,,,,,,,,,,,,,,,,,,,,,,,,,,,,,,,,,,,,,,,,,,,関連表1_L(車両信頼性)_XQ5.xlsx,,,,,,YES,,,,,,,,,ccm: None,,,,,,,,,,,,,,,,,,,,,,,,,,,,,,,,,,,1,,,,,,,,,
,MSTR-009-0114700-d0003,,,,,,,,,,,,,,,,,,,,,,,,,,,,,,,,,,,,,,,,,,,,,,,,,,,,,,,,,,,,,,,,,,,,,,,,,,,,,,,,,,,,,,,,,,,,,,,,,関連表1_L(車両信頼性)_XQ5.xlsx,,,,,,YES,,,,,,,,,ccm: None,,,,,,,,,,,,,,,,,,,,,,,,,,,,,,,,,,,,,,1,,,,,,
,MSTR-009-0114700-d0004,,,,,,,,,,,,,,,,,,,,,,,,,,,,,,,,,,,,,,,,,,,,,,,,,,,,,,,,,,,,,,,,,,,,,,,,,,,,,,,,,,,,,,,,,,,,,,,,,関連表1_L(車両信頼性)_XQ5.xlsx,,,,,,YES,,,,,,,,,ccm: None,,,,,,,,,,,,,,,,,,,,,,,,,,,,,,,,,,,,,,,1,,,,,
,MSTR-009-0114700-d0005,,,,,,,,,,,,,,,,,,,,,,,,,,,,,,,,,,,,,,,,,,,,,,,,,,,,,,,,,,,,,,,,,,,,,,,,,,,,,,,,,,,,,,,,,,,,,,,,,関連表1_L(車両信頼性)_XQ5.xlsx,,,,,,YES,,,,,,,,,ccm: None,,,,,,,,,,,,,,,,,,,,,,,,,,,,,,,,,,,,,,,,,1,,,
,MSTR-009-0114700-d0006,,,,,,,,,,,,,,,,,,,,,,,,,,,,,,,,,,,,,,,,,,,,,,,,,,,,,,,,,,,,,,,,,,,,,,,,,,,,,,,,,,,,,,,,,,,,,,,,,関連表1_L(車両信頼性)_XQ5.xlsx,,,,,,YES,,,,,,,,,ccm: None,,,,,,,,,,,,,,,,,,,,,,,,,,,,,,,,,,,,,1,,,,,,,
,MSTR-009-0114700-d0007,,,,,,,,,,,,,,,,,,,,,,,,,,,,,,,,,,,,,,,,,,,,,,,,,,,,,,,,,,,,,,,,,,,,,,,,,,,,,,,,,,,,,,,,,,,,,,,,,関連表1_L(車両信頼性)_XQ5.xlsx,,,,,,YES,,,,,,,,,ccm: None,,,,,,,,,,,,,,,,,,,,,,,,,,,,,,,,,,,,,,1,,,,,,
,MSTR-009-0114700-d0008,,,,,,,,,,,,,,,,,,,,,,,,,,,,,,,,,,,,,,,,,,,,,,,,,,,,,,,,,,,,,,,,,,,,,,,,,,,,,,,,,,,,,,,,,,,,,,,,,関連表1_L(車両信頼性)_XQ5.xlsx,,,,,,YES,,,,,,,,,ccm: None,,,,,,,,,,,,,,,,,,,,,,,,,1,,,,,,,,,,,,,,,,,,,
,MSTR-009-0114700-d0009,,,,,,,,,,,,,,,,,,,,,,,,,,,,,,,,,,,,,,,,,,,,,,,,,,,,,,,,,,,,,,,,,,,,,,,,,,,,,,,,,,,,,,,,,,,,,,,,,関連表1_L(車両信頼性)_XQ5.xlsx,,,,,,YES,,,,,,,,,ccm: None,,,,,,,,,,,,,,,,,,,,,,,,,,1,,,,,,,,,,,,,,,,,,
,MSTR-009-0114800,,,,,,,,,,,,,,,,,,,,,,,,,,,,,,,,,,,,,,,,,,,,,,,,,,,,,,,,,,,,,,,,,,,,,,,,,,,,,,,,,,,,,,,,,,,,,,,,,関連表1_L(車両信頼性)_XQ5.xlsx,,,,,,YES,,,,,,,,,ccm: None,,,,,,,,,,,,,,,,,,,,,,,1,,,,,,,,,,,,,,,,,,,,,
,MSTR-009-0114800-d0001,,,,,,,,,,,,,,,,,,,,,,,,,,,,,,,,,,,,,,,,,,,,,,,,,,,,,,,,,,,,,,,,,,,,,,,,,,,,,,,,,,,,,,,,,,,,,,,,,関連表1_L(車両信頼性)_XQ5.xlsx,,,,,,YES,,,,,,,,,ccm: None,,,,,,,,,,,,,,,,,,,,,,,,,1,,,,,,,,,1,,,,,,,,,,
,MSTR-009-0114800-d00010,,,,,,,,,,,,,,,,,,,,,,,,,,,,,,,,,,,,,,,,,,,,,,,,,,,,,,,,,,,,,,,,,,,,,,,,,,,,,,,,,,,,,,,,,,,,,,,,,関連表1_L(車両信頼性)_XQ5.xlsx,,,,,,YES,,,,,,,,,ccm: None,,,,,,,,,,,,,,,,,,,,,,,,,,,1,,,,,,,,,,,,,,,,,
,MSTR-009-0114800-d0002,,,,,,,,,,,,,,,,,,,,,,,,,,,,,,,,,,,,,,,,,,,,,,,,,,,,,,,,,,,,,,,,,,,,,,,,,,,,,,,,,,,,,,,,,,,,,,,,,関連表1_L(車両信頼性)_XQ5.xlsx,,,,,,YES,,,,,,,,,ccm: None,,,,,,,,,,,,,,,,,,,,,,,,,,,,,,,,,,,,1,,,,,,,,
,MSTR-009-0114800-d0003,,,,,,,,,,,,,,,,,,,,,,,,,,,,,,,,,,,,,,,,,,,,,,,,,,,,,,,,,,,,,,,,,,,,,,,,,,,,,,,,,,,,,,,,,,,,,,,,,関連表1_L(車両信頼性)_XQ5.xlsx,,,,,,YES,,,,,,,,,ccm: None,,,,,,,,,,,,,,,,,,,,,,,,,,,,,,,,,,,,,,1,,,,,,
,MSTR-009-0114800-d0004,,,,,,,,,,,,,,,,,,,,,,,,,,,,,,,,,,,,,,,,,,,,,,,,,,,,,,,,,,,,,,,,,,,,,,,,,,,,,,,,,,,,,,,,,,,,,,,,,関連表1_L(車両信頼性)_XQ5.xlsx,,,,,,YES,,,,,,,,,ccm: None,,,,,,,,,,,,,,,,,,,,,,,,,,,,,,,,,,,,,,,,1,,,,
,MSTR-009-0114800-d0005,,,,,,,,,,,,,,,,,,,,,,,,,,,,,,,,,,,,,,,,,,,,,,,,,,,,,,,,,,,,,,,,,,,,,,,,,,,,,,,,,,,,,,,,,,,,,,,,,関連表1_L(車両信頼性)_XQ5.xlsx,,,,,,YES,,,,,,,,,ccm: None,,,,,,,,,,,,,,,,,,,,,,,,,,,,,,,,,,,,,,,,,,1,,
,MSTR-009-0114800-d0006,,,,,,,,,,,,,,,,,,,,,,,,,,,,,,,,,,,,,,,,,,,,,,,,,,,,,,,,,,,,,,,,,,,,,,,,,,,,,,,,,,,,,,,,,,,,,,,,,関連表1_L(車両信頼性)_XQ5.xlsx,,,,,,YES,,,,,,,,,ccm: None,,,,,,,,,,,,,,,,,,,,,,,,,,,,,,,,,,,,,1,,,,,,,
,MSTR-009-0114800-d0007,,,,,,,,,,,,,,,,,,,,,,,,,,,,,,,,,,,,,,,,,,,,,,,,,,,,,,,,,,,,,,,,,,,,,,,,,,,,,,,,,,,,,,,,,,,,,,,,,関連表1_L(車両信頼性)_XQ5.xlsx,,,,,,YES,,,,,,,,,ccm: None,,,,,,,,,,,,,,,,,,,,,,,,,,,,,,,,,,,,,,1,,,,,,
,MSTR-009-0114800-d0008,,,,,,,,,,,,,,,,,,,,,,,,,,,,,,,,,,,,,,,,,,,,,,,,,,,,,,,,,,,,,,,,,,,,,,,,,,,,,,,,,,,,,,,,,,,,,,,,,関連表1_L(車両信頼性)_XQ5.xlsx,,,,,,YES,,,,,,,,,ccm: None,,,,,,,,,,,,,,,,,,,,,,,,,1,,,,,,,,,,,,,,,,,,,
,MSTR-009-0114800-d0009,,,,,,,,,,,,,,,,,,,,,,,,,,,,,,,,,,,,,,,,,,,,,,,,,,,,,,,,,,,,,,,,,,,,,,,,,,,,,,,,,,,,,,,,,,,,,,,,,関連表1_L(車両信頼性)_XQ5.xlsx,,,,,,YES,,,,,,,,,ccm: None,,,,,,,,,,,,,,,,,,,,,,,,,,1,,,,,,,,,,,,,,,,,,
,MSTR-009-0114900,,,,,,,,,,,,,,,,,,,,,,,,,,,,,,,,,,,,,,,,,,,,,,,,,,,,,,,,,,,,,,,,,,,,,,,,,,,,,,,,,,,,,,,,,,,,,,,,,関連表1_L(車両信頼性)_XQ5.xlsx,,,,,,YES,,,,,,,,,ccm: None,,,,,,,,,,,,,,,,,,,,,,,1,,,,,,,,,,,,,,,,,,,,,
,MSTR-009-0114900-d0001,,,,,,,,,,,,,,,,,,,,,,,,,,,,,,,,,,,,,,,,,,,,,,,,,,,,,,,,,,,,,,,,,,,,,,,,,,,,,,,,,,,,,,,,,,,,,,,,,関連表1_L(車両信頼性)_XQ5.xlsx,,,,,,YES,,,,,,,,,ccm: None,,,,,,,,,,,,,,,,,,,,,,,,,1,,,,,,,,,1,,,,,,,,,,
,MSTR-009-0114900-d00010,,,,,,,,,,,,,,,,,,,,,,,,,,,,,,,,,,,,,,,,,,,,,,,,,,,,,,,,,,,,,,,,,,,,,,,,,,,,,,,,,,,,,,,,,,,,,,,,,関連表1_L(車両信頼性)_XQ5.xlsx,,,,,,YES,,,,,,,,,ccm: None,,,,,,,,,,,,,,,,,,,,,,,,,,,1,,,,,,,,,,,,,,,,,
,MSTR-009-0114900-d0002,,,,,,,,,,,,,,,,,,,,,,,,,,,,,,,,,,,,,,,,,,,,,,,,,,,,,,,,,,,,,,,,,,,,,,,,,,,,,,,,,,,,,,,,,,,,,,,,,関連表1_L(車両信頼性)_XQ5.xlsx,,,,,,YES,,,,,,,,,ccm: None,,,,,,,,,,,,,,,,,,,,,,,,,,,,,,,,,,,,1,,,,,,,,
,MSTR-009-0114900-d0003,,,,,,,,,,,,,,,,,,,,,,,,,,,,,,,,,,,,,,,,,,,,,,,,,,,,,,,,,,,,,,,,,,,,,,,,,,,,,,,,,,,,,,,,,,,,,,,,,関連表1_L(車両信頼性)_XQ5.xlsx,,,,,,YES,,,,,,,,,ccm: None,,,,,,,,,,,,,,,,,,,,,,,,,,,,,,,,,,,,,,1,,,,,,
,MSTR-009-0114900-d0004,,,,,,,,,,,,,,,,,,,,,,,,,,,,,,,,,,,,,,,,,,,,,,,,,,,,,,,,,,,,,,,,,,,,,,,,,,,,,,,,,,,,,,,,,,,,,,,,,関連表1_L(車両信頼性)_XQ5.xlsx,,,,,,YES,,,,,,,,,ccm: None,,,,,,,,,,,,,,,,,,,,,,,,,,,,,,,,,,,,,,,1,,,,,
,MSTR-009-0114900-d0005,,,,,,,,,,,,,,,,,,,,,,,,,,,,,,,,,,,,,,,,,,,,,,,,,,,,,,,,,,,,,,,,,,,,,,,,,,,,,,,,,,,,,,,,,,,,,,,,,関連表1_L(車両信頼性)_XQ5.xlsx,,,,,,YES,,,,,,,,,ccm: None,,,,,,,,,,,,,,,,,,,,,,,,,,,,,,,,,,,,,,,,,1,,,
,MSTR-009-0114900-d0006,,,,,,,,,,,,,,,,,,,,,,,,,,,,,,,,,,,,,,,,,,,,,,,,,,,,,,,,,,,,,,,,,,,,,,,,,,,,,,,,,,,,,,,,,,,,,,,,,関連表1_L(車両信頼性)_XQ5.xlsx,,,,,,YES,,,,,,,,,ccm: None,,,,,,,,,,,,,,,,,,,,,,,,,,,,,,,,,,,,,1,,,,,,,
,MSTR-009-0114900-d0007,,,,,,,,,,,,,,,,,,,,,,,,,,,,,,,,,,,,,,,,,,,,,,,,,,,,,,,,,,,,,,,,,,,,,,,,,,,,,,,,,,,,,,,,,,,,,,,,,関連表1_L(車両信頼性)_XQ5.xlsx,,,,,,YES,,,,,,,,,ccm: None,,,,,,,,,,,,,,,,,,,,,,,,,,,,,,,,,,,,,,1,,,,,,
,MSTR-009-0114900-d0008,,,,,,,,,,,,,,,,,,,,,,,,,,,,,,,,,,,,,,,,,,,,,,,,,,,,,,,,,,,,,,,,,,,,,,,,,,,,,,,,,,,,,,,,,,,,,,,,,関連表1_L(車両信頼性)_XQ5.xlsx,,,,,,YES,,,,,,,,,ccm: None,,,,,,,,,,,,,,,,,,,,,,,,,1,,,,,,,,,,,,,,,,,,,
,MSTR-009-0114900-d0009,,,,,,,,,,,,,,,,,,,,,,,,,,,,,,,,,,,,,,,,,,,,,,,,,,,,,,,,,,,,,,,,,,,,,,,,,,,,,,,,,,,,,,,,,,,,,,,,,関連表1_L(車両信頼性)_XQ5.xlsx,,,,,,YES,,,,,,,,,ccm: None,,,,,,,,,,,,,,,,,,,,,,,,,,1,,,,,,,,,,,,,,,,,,
,MSTR-009-0115000,,,,,,,,,,,,,,,,,,,,,,,,,,,,,,,,,,,,,,,,,,,,,,,,,,,,,,,,,,,,,,,,,,,,,,,,,,,,,,,,,,,,,,,,,,,,,,,,,関連表1_L(車両信頼性)_XQ5.xlsx,,,,,,YES,,,,,,,,,ccm: None,,,,,,,,,,,,,,,,,,,,,,,1,,,,,,,,,,,,,,,,,,,,,
,MSTR-009-0115000-d0001,,,,,,,,,,,,,,,,,,,,,,,,,,,,,,,,,,,,,,,,,,,,,,,,,,,,,,,,,,,,,,,,,,,,,,,,,,,,,,,,,,,,,,,,,,,,,,,,,関連表1_L(車両信頼性)_XQ5.xlsx,,,,,,YES,,,,,,,,,ccm: None,,,,,,,,,,,,,,,,,,,,,,,,,1,,,,,,,,,1,,,,,,,,,,
,MSTR-009-0115000-d00010,,,,,,,,,,,,,,,,,,,,,,,,,,,,,,,,,,,,,,,,,,,,,,,,,,,,,,,,,,,,,,,,,,,,,,,,,,,,,,,,,,,,,,,,,,,,,,,,,関連表1_L(車両信頼性)_XQ5.xlsx,,,,,,YES,,,,,,,,,ccm: None,,,,,,,,,,,,,,,,,,,,,,,,,,,1,,,,,,,,,,,,,,,,,
,MSTR-009-0115000-d0002,,,,,,,,,,,,,,,,,,,,,,,,,,,,,,,,,,,,,,,,,,,,,,,,,,,,,,,,,,,,,,,,,,,,,,,,,,,,,,,,,,,,,,,,,,,,,,,,,関連表1_L(車両信頼性)_XQ5.xlsx,,,,,,YES,,,,,,,,,ccm: None,,,,,,,,,,,,,,,,,,,,,,,,,,,,,,,,,,,,1,,,,,,,,
,MSTR-009-0115000-d0003,,,,,,,,,,,,,,,,,,,,,,,,,,,,,,,,,,,,,,,,,,,,,,,,,,,,,,,,,,,,,,,,,,,,,,,,,,,,,,,,,,,,,,,,,,,,,,,,,関連表1_L(車両信頼性)_XQ5.xlsx,,,,,,YES,,,,,,,,,ccm: None,,,,,,,,,,,,,,,,,,,,,,,,,,,,,,,,,,,,,,1,,,,,,
,MSTR-009-0115000-d0004,,,,,,,,,,,,,,,,,,,,,,,,,,,,,,,,,,,,,,,,,,,,,,,,,,,,,,,,,,,,,,,,,,,,,,,,,,,,,,,,,,,,,,,,,,,,,,,,,関連表1_L(車両信頼性)_XQ5.xlsx,,,,,,YES,,,,,,,,,ccm: None,,,,,,,,,,,,,,,,,,,,,,,,,,,,,,,,,,,,,,,1,,,,,
,MSTR-009-0115000-d0005,,,,,,,,,,,,,,,,,,,,,,,,,,,,,,,,,,,,,,,,,,,,,,,,,,,,,,,,,,,,,,,,,,,,,,,,,,,,,,,,,,,,,,,,,,,,,,,,,関連表1_L(車両信頼性)_XQ5.xlsx,,,,,,YES,,,,,,,,,ccm: None,,,,,,,,,,,,,,,,,,,,,,,,,,,,,,,,,,,,,,,,,,1,,
,MSTR-009-0115000-d0006,,,,,,,,,,,,,,,,,,,,,,,,,,,,,,,,,,,,,,,,,,,,,,,,,,,,,,,,,,,,,,,,,,,,,,,,,,,,,,,,,,,,,,,,,,,,,,,,,関連表1_L(車両信頼性)_XQ5.xlsx,,,,,,YES,,,,,,,,,ccm: None,,,,,,,,,,,,,,,,,,,,,,,,,,,,,,,,,,,,,1,,,,,,,
,MSTR-009-0115000-d0007,,,,,,,,,,,,,,,,,,,,,,,,,,,,,,,,,,,,,,,,,,,,,,,,,,,,,,,,,,,,,,,,,,,,,,,,,,,,,,,,,,,,,,,,,,,,,,,,,関連表1_L(車両信頼性)_XQ5.xlsx,,,,,,YES,,,,,,,,,ccm: None,,,,,,,,,,,,,,,,,,,,,,,,,,,,,,,,,,,,,,1,,,,,,
,MSTR-009-0115000-d0008,,,,,,,,,,,,,,,,,,,,,,,,,,,,,,,,,,,,,,,,,,,,,,,,,,,,,,,,,,,,,,,,,,,,,,,,,,,,,,,,,,,,,,,,,,,,,,,,,関連表1_L(車両信頼性)_XQ5.xlsx,,,,,,YES,,,,,,,,,ccm: None,,,,,,,,,,,,,,,,,,,,,,,,,1,,,,,,,,,,,,,,,,,,,
,MSTR-009-0115000-d0009,,,,,,,,,,,,,,,,,,,,,,,,,,,,,,,,,,,,,,,,,,,,,,,,,,,,,,,,,,,,,,,,,,,,,,,,,,,,,,,,,,,,,,,,,,,,,,,,,関連表1_L(車両信頼性)_XQ5.xlsx,,,,,,YES,,,,,,,,,ccm: None,,,,,,,,,,,,,,,,,,,,,,,,,,1,,,,,,,,,,,,,,,,,,
,MSTR-009-0115100,,,,,,,,,,,,,,,,,,,,,,,,,,,,,,,,,,,,,,,,,,,,,,,,,,,,,,,,,,,,,,,,,,,,,,,,,,,,,,,,,,,,,,,,,,,,,,,,,関連表1_L(車両信頼性)_XQ5.xlsx,,,,,,YES,,,,,,,,,ccm: None,,,,,,,,,,,,,,,,,,,,,,,1,,,,,,,,,,,,,,,,,,,,,
,MSTR-009-0115100-d0001,,,,,,,,,,,,,,,,,,,,,,,,,,,,,,,,,,,,,,,,,,,,,,,,,,,,,,,,,,,,,,,,,,,,,,,,,,,,,,,,,,,,,,,,,,,,,,,,,関連表1_L(車両信頼性)_XQ5.xlsx,,,,,,YES,,,,,,,,,ccm: None,,,,,,,,,,,,,,,,,,,,,,,,,1,,,,,,,,,1,,,,,,,,,,
,MSTR-009-0115100-d00010,,,,,,,,,,,,,,,,,,,,,,,,,,,,,,,,,,,,,,,,,,,,,,,,,,,,,,,,,,,,,,,,,,,,,,,,,,,,,,,,,,,,,,,,,,,,,,,,,関連表1_L(車両信頼性)_XQ5.xlsx,,,,,,YES,,,,,,,,,ccm: None,,,,,,,,,,,,,,,,,,,,,,,,,,,1,,,,,,,,,,,,,,,,,
,MSTR-009-0115100-d0002,,,,,,,,,,,,,,,,,,,,,,,,,,,,,,,,,,,,,,,,,,,,,,,,,,,,,,,,,,,,,,,,,,,,,,,,,,,,,,,,,,,,,,,,,,,,,,,,,関連表1_L(車両信頼性)_XQ5.xlsx,,,,,,YES,,,,,,,,,ccm: None,,,,,,,,,,,,,,,,,,,,,,,,,,,,,,,,,,,,1,,,,,,,,
,MSTR-009-0115100-d0003,,,,,,,,,,,,,,,,,,,,,,,,,,,,,,,,,,,,,,,,,,,,,,,,,,,,,,,,,,,,,,,,,,,,,,,,,,,,,,,,,,,,,,,,,,,,,,,,,関連表1_L(車両信頼性)_XQ5.xlsx,,,,,,YES,,,,,,,,,ccm: None,,,,,,,,,,,,,,,,,,,,,,,,,,,,,,,,,,,,,,1,,,,,,
,MSTR-009-0115100-d0004,,,,,,,,,,,,,,,,,,,,,,,,,,,,,,,,,,,,,,,,,,,,,,,,,,,,,,,,,,,,,,,,,,,,,,,,,,,,,,,,,,,,,,,,,,,,,,,,,関連表1_L(車両信頼性)_XQ5.xlsx,,,,,,YES,,,,,,,,,ccm: None,,,,,,,,,,,,,,,,,,,,,,,,,,,,,,,,,,,,,,,,1,,,,
,MSTR-009-0115100-d0005,,,,,,,,,,,,,,,,,,,,,,,,,,,,,,,,,,,,,,,,,,,,,,,,,,,,,,,,,,,,,,,,,,,,,,,,,,,,,,,,,,,,,,,,,,,,,,,,,関連表1_L(車両信頼性)_XQ5.xlsx,,,,,,YES,,,,,,,,,ccm: None,,,,,,,,,,,,,,,,,,,,,,,,,,,,,,,,,,,,,,,,,1,,,
,MSTR-009-0115100-d0006,,,,,,,,,,,,,,,,,,,,,,,,,,,,,,,,,,,,,,,,,,,,,,,,,,,,,,,,,,,,,,,,,,,,,,,,,,,,,,,,,,,,,,,,,,,,,,,,,関連表1_L(車両信頼性)_XQ5.xlsx,,,,,,YES,,,,,,,,,ccm: None,,,,,,,,,,,,,,,,,,,,,,,,,,,,,,,,,,,,,1,,,,,,,
,MSTR-009-0115100-d0007,,,,,,,,,,,,,,,,,,,,,,,,,,,,,,,,,,,,,,,,,,,,,,,,,,,,,,,,,,,,,,,,,,,,,,,,,,,,,,,,,,,,,,,,,,,,,,,,,関連表1_L(車両信頼性)_XQ5.xlsx,,,,,,YES,,,,,,,,,ccm: None,,,,,,,,,,,,,,,,,,,,,,,,,,,,,,,,,,,,,,1,,,,,,
,MSTR-009-0115100-d0008,,,,,,,,,,,,,,,,,,,,,,,,,,,,,,,,,,,,,,,,,,,,,,,,,,,,,,,,,,,,,,,,,,,,,,,,,,,,,,,,,,,,,,,,,,,,,,,,,関連表1_L(車両信頼性)_XQ5.xlsx,,,,,,YES,,,,,,,,,ccm: None,,,,,,,,,,,,,,,,,,,,,,,,,1,,,,,,,,,,,,,,,,,,,
,MSTR-009-0115100-d0009,,,,,,,,,,,,,,,,,,,,,,,,,,,,,,,,,,,,,,,,,,,,,,,,,,,,,,,,,,,,,,,,,,,,,,,,,,,,,,,,,,,,,,,,,,,,,,,,,関連表1_L(車両信頼性)_XQ5.xlsx,,,,,,YES,,,,,,,,,ccm: None,,,,,,,,,,,,,,,,,,,,,,,,,,1,,,,,,,,,,,,,,,,,,
,MSTR-009-0115200,,,,,,,,,,,,,,,,,,,,,,,,,,,,,,,,,,,,,,,,,,,,,,,,,,,,,,,,,,,,,,,,,,,,,,,,,,,,,,,,,,,,,,,,,,,,,,,,,関連表1_L(車両信頼性)_XQ5.xlsx,,,,,,YES,,,,,,,,,ccm: None,,,,,,,,,,,,,,,,,,,,,,,1,,,,,,,,,,,,,,,,,,,,,
,MSTR-009-0115200-d0001,,,,,,,,,,,,,,,,,,,,,,,,,,,,,,,,,,,,,,,,,,,,,,,,,,,,,,,,,,,,,,,,,,,,,,,,,,,,,,,,,,,,,,,,,,,,,,,,,関連表1_L(車両信頼性)_XQ5.xlsx,,,,,,YES,,,,,,,,,ccm: None,,,,,,,,,,,,,,,,,,,,,,,,,1,,,,,,,,,1,,,,,,,,,,
,MSTR-009-0115200-d00010,,,,,,,,,,,,,,,,,,,,,,,,,,,,,,,,,,,,,,,,,,,,,,,,,,,,,,,,,,,,,,,,,,,,,,,,,,,,,,,,,,,,,,,,,,,,,,,,,関連表1_L(車両信頼性)_XQ5.xlsx,,,,,,YES,,,,,,,,,ccm: None,,,,,,,,,,,,,,,,,,,,,,,,,,,1,,,,,,,,,,,,,,,,,
,MSTR-009-0115200-d0002,,,,,,,,,,,,,,,,,,,,,,,,,,,,,,,,,,,,,,,,,,,,,,,,,,,,,,,,,,,,,,,,,,,,,,,,,,,,,,,,,,,,,,,,,,,,,,,,,関連表1_L(車両信頼性)_XQ5.xlsx,,,,,,YES,,,,,,,,,ccm: None,,,,,,,,,,,,,,,,,,,,,,,,,,,,,,,,,,,,1,,,,,,,,
,MSTR-009-0115200-d0003,,,,,,,,,,,,,,,,,,,,,,,,,,,,,,,,,,,,,,,,,,,,,,,,,,,,,,,,,,,,,,,,,,,,,,,,,,,,,,,,,,,,,,,,,,,,,,,,,関連表1_L(車両信頼性)_XQ5.xlsx,,,,,,YES,,,,,,,,,ccm: None,,,,,,,,,,,,,,,,,,,,,,,,,,,,,,,,,,,,,,1,,,,,,
,MSTR-009-0115200-d0004,,,,,,,,,,,,,,,,,,,,,,,,,,,,,,,,,,,,,,,,,,,,,,,,,,,,,,,,,,,,,,,,,,,,,,,,,,,,,,,,,,,,,,,,,,,,,,,,,関連表1_L(車両信頼性)_XQ5.xlsx,,,,,,YES,,,,,,,,,ccm: None,,,,,,,,,,,,,,,,,,,,,,,,,,,,,,,,,,,,,,,1,,,,,
,MSTR-009-0115200-d0005,,,,,,,,,,,,,,,,,,,,,,,,,,,,,,,,,,,,,,,,,,,,,,,,,,,,,,,,,,,,,,,,,,,,,,,,,,,,,,,,,,,,,,,,,,,,,,,,,関連表1_L(車両信頼性)_XQ5.xlsx,,,,,,YES,,,,,,,,,ccm: None,,,,,,,,,,,,,,,,,,,,,,,,,,,,,,,,,,,,,,,,,1,,,
,MSTR-009-0115200-d0006,,,,,,,,,,,,,,,,,,,,,,,,,,,,,,,,,,,,,,,,,,,,,,,,,,,,,,,,,,,,,,,,,,,,,,,,,,,,,,,,,,,,,,,,,,,,,,,,,関連表1_L(車両信頼性)_XQ5.xlsx,,,,,,YES,,,,,,,,,ccm: None,,,,,,,,,,,,,,,,,,,,,,,,,,,,,,,,,,,,,1,,,,,,,
,MSTR-009-0115200-d0007,,,,,,,,,,,,,,,,,,,,,,,,,,,,,,,,,,,,,,,,,,,,,,,,,,,,,,,,,,,,,,,,,,,,,,,,,,,,,,,,,,,,,,,,,,,,,,,,,関連表1_L(車両信頼性)_XQ5.xlsx,,,,,,YES,,,,,,,,,ccm: None,,,,,,,,,,,,,,,,,,,,,,,,,,,,,,,,,,,,,,1,,,,,,
,MSTR-009-0115200-d0008,,,,,,,,,,,,,,,,,,,,,,,,,,,,,,,,,,,,,,,,,,,,,,,,,,,,,,,,,,,,,,,,,,,,,,,,,,,,,,,,,,,,,,,,,,,,,,,,,関連表1_L(車両信頼性)_XQ5.xlsx,,,,,,YES,,,,,,,,,ccm: None,,,,,,,,,,,,,,,,,,,,,,,,,1,,,,,,,,,,,,,,,,,,,
,MSTR-009-0115200-d0009,,,,,,,,,,,,,,,,,,,,,,,,,,,,,,,,,,,,,,,,,,,,,,,,,,,,,,,,,,,,,,,,,,,,,,,,,,,,,,,,,,,,,,,,,,,,,,,,,関連表1_L(車両信頼性)_XQ5.xlsx,,,,,,YES,,,,,,,,,ccm: None,,,,,,,,,,,,,,,,,,,,,,,,,,1,,,,,,,,,,,,,,,,,,
,MSTR-009-0115300,,,,,,,,,,,,,,,,,,,,,,,,,,,,,,,,,,,,,,,,,,,,,,,,,,,,,,,,,,,,,,,,,,,,,,,,,,,,,,,,,,,,,,,,,,,,,,,,,関連表1_L(車両信頼性)_XQ5.xlsx,,,,,,YES,,,,,,,,,ccm: None,,,,,,,,,,,,,,,,,,,,,,,1,,,,,,,,,,,,,,,,,,,,,
,MSTR-009-0115300-d0001,,,,,,,,,,,,,,,,,,,,,,,,,,,,,,,,,,,,,,,,,,,,,,,,,,,,,,,,,,,,,,,,,,,,,,,,,,,,,,,,,,,,,,,,,,,,,,,,,関連表1_L(車両信頼性)_XQ5.xlsx,,,,,,YES,,,,,,,,,ccm: None,,,,,,,,,,,,,,,,,,,,,,,,,1,,,,,,,,,1,,,,,,,,,,
,MSTR-009-0115300-d00010,,,,,,,,,,,,,,,,,,,,,,,,,,,,,,,,,,,,,,,,,,,,,,,,,,,,,,,,,,,,,,,,,,,,,,,,,,,,,,,,,,,,,,,,,,,,,,,,,関連表1_L(車両信頼性)_XQ5.xlsx,,,,,,YES,,,,,,,,,ccm: None,,,,,,,,,,,,,,,,,,,,,,,,,,,1,,,,,,,,,,,,,,,,,
,MSTR-009-0115300-d0002,,,,,,,,,,,,,,,,,,,,,,,,,,,,,,,,,,,,,,,,,,,,,,,,,,,,,,,,,,,,,,,,,,,,,,,,,,,,,,,,,,,,,,,,,,,,,,,,,関連表1_L(車両信頼性)_XQ5.xlsx,,,,,,YES,,,,,,,,,ccm: None,,,,,,,,,,,,,,,,,,,,,,,,,,,,,,,,,,,1,,,,,,,,,
,MSTR-009-0115300-d0003,,,,,,,,,,,,,,,,,,,,,,,,,,,,,,,,,,,,,,,,,,,,,,,,,,,,,,,,,,,,,,,,,,,,,,,,,,,,,,,,,,,,,,,,,,,,,,,,,関連表1_L(車両信頼性)_XQ5.xlsx,,,,,,YES,,,,,,,,,ccm: None,,,,,,,,,,,,,,,,,,,,,,,,,,,,,,,,,,,,,,1,,,,,,
,MSTR-009-0115300-d0004,,,,,,,,,,,,,,,,,,,,,,,,,,,,,,,,,,,,,,,,,,,,,,,,,,,,,,,,,,,,,,,,,,,,,,,,,,,,,,,,,,,,,,,,,,,,,,,,,関連表1_L(車両信頼性)_XQ5.xlsx,,,,,,YES,,,,,,,,,ccm: None,,,,,,,,,,,,,,,,,,,,,,,,,,,,,,,,,,,,,,,1,,,,,
,MSTR-009-0115300-d0005,,,,,,,,,,,,,,,,,,,,,,,,,,,,,,,,,,,,,,,,,,,,,,,,,,,,,,,,,,,,,,,,,,,,,,,,,,,,,,,,,,,,,,,,,,,,,,,,,関連表1_L(車両信頼性)_XQ5.xlsx,,,,,,YES,,,,,,,,,ccm: None,,,,,,,,,,,,,,,,,,,,,,,,,,,,,,,,,,,,,,,,,1,,,
,MSTR-009-0115300-d0006,,,,,,,,,,,,,,,,,,,,,,,,,,,,,,,,,,,,,,,,,,,,,,,,,,,,,,,,,,,,,,,,,,,,,,,,,,,,,,,,,,,,,,,,,,,,,,,,,関連表1_L(車両信頼性)_XQ5.xlsx,,,,,,YES,,,,,,,,,ccm: None,,,,,,,,,,,,,,,,,,,,,,,,,,,,,,,,,,,,,1,,,,,,,
,MSTR-009-0115300-d0007,,,,,,,,,,,,,,,,,,,,,,,,,,,,,,,,,,,,,,,,,,,,,,,,,,,,,,,,,,,,,,,,,,,,,,,,,,,,,,,,,,,,,,,,,,,,,,,,,関連表1_L(車両信頼性)_XQ5.xlsx,,,,,,YES,,,,,,,,,ccm: None,,,,,,,,,,,,,,,,,,,,,,,,,,,,,,,,,,,,,,1,,,,,,
,MSTR-009-0115300-d0008,,,,,,,,,,,,,,,,,,,,,,,,,,,,,,,,,,,,,,,,,,,,,,,,,,,,,,,,,,,,,,,,,,,,,,,,,,,,,,,,,,,,,,,,,,,,,,,,,関連表1_L(車両信頼性)_XQ5.xlsx,,,,,,YES,,,,,,,,,ccm: None,,,,,,,,,,,,,,,,,,,,,,,,,1,,,,,,,,,,,,,,,,,,,
,MSTR-009-0115300-d0009,,,,,,,,,,,,,,,,,,,,,,,,,,,,,,,,,,,,,,,,,,,,,,,,,,,,,,,,,,,,,,,,,,,,,,,,,,,,,,,,,,,,,,,,,,,,,,,,,関連表1_L(車両信頼性)_XQ5.xlsx,,,,,,YES,,,,,,,,,ccm: None,,,,,,,,,,,,,,,,,,,,,,,,,,1,,,,,,,,,,,,,,,,,,
,MSTR-009-0115400,,,,,,,,,,,,,,,,,,,,,,,,,,,,,,,,,,,,,,,,,,,,,,,,,,,,,,,,,,,,,,,,,,,,,,,,,,,,,,,,,,,,,,,,,,,,,,,,,関連表1_L(車両信頼性)_XQ5.xlsx,,,,,,YES,,,,,,,,,ccm: None,,,,,,,,,,,,,,,,,,,,,,,1,,,,,,,,,,,,,,,,,,,,,
,MSTR-009-0115400-d0001,,,,,,,,,,,,,,,,,,,,,,,,,,,,,,,,,,,,,,,,,,,,,,,,,,,,,,,,,,,,,,,,,,,,,,,,,,,,,,,,,,,,,,,,,,,,,,,,,関連表1_L(車両信頼性)_XQ5.xlsx,,,,,,YES,,,,,,,,,ccm: None,,,,,,,,,,,,,,,,,,,,,,,,,1,,,,,,,,,1,,,,,,,,,,
,MSTR-009-0115400-d00010,,,,,,,,,,,,,,,,,,,,,,,,,,,,,,,,,,,,,,,,,,,,,,,,,,,,,,,,,,,,,,,,,,,,,,,,,,,,,,,,,,,,,,,,,,,,,,,,,関連表1_L(車両信頼性)_XQ5.xlsx,,,,,,YES,,,,,,,,,ccm: None,,,,,,,,,,,,,,,,,,,,,,,,,,,1,,,,,,,,,,,,,,,,,
,MSTR-009-0115400-d0002,,,,,,,,,,,,,,,,,,,,,,,,,,,,,,,,,,,,,,,,,,,,,,,,,,,,,,,,,,,,,,,,,,,,,,,,,,,,,,,,,,,,,,,,,,,,,,,,,関連表1_L(車両信頼性)_XQ5.xlsx,,,,,,YES,,,,,,,,,ccm: None,,,,,,,,,,,,,,,,,,,,,,,,,,,,,,,,,,,1,,,,,,,,,
,MSTR-009-0115400-d0003,,,,,,,,,,,,,,,,,,,,,,,,,,,,,,,,,,,,,,,,,,,,,,,,,,,,,,,,,,,,,,,,,,,,,,,,,,,,,,,,,,,,,,,,,,,,,,,,,関連表1_L(車両信頼性)_XQ5.xlsx,,,,,,YES,,,,,,,,,ccm: None,,,,,,,,,,,,,,,,,,,,,,,,,,,,,,,,,,,,,,1,,,,,,
,MSTR-009-0115400-d0004,,,,,,,,,,,,,,,,,,,,,,,,,,,,,,,,,,,,,,,,,,,,,,,,,,,,,,,,,,,,,,,,,,,,,,,,,,,,,,,,,,,,,,,,,,,,,,,,,関連表1_L(車両信頼性)_XQ5.xlsx,,,,,,YES,,,,,,,,,ccm: None,,,,,,,,,,,,,,,,,,,,,,,,,,,,,,,,,,,,,,,,1,,,,
,MSTR-009-0115400-d0005,,,,,,,,,,,,,,,,,,,,,,,,,,,,,,,,,,,,,,,,,,,,,,,,,,,,,,,,,,,,,,,,,,,,,,,,,,,,,,,,,,,,,,,,,,,,,,,,,関連表1_L(車両信頼性)_XQ5.xlsx,,,,,,YES,,,,,,,,,ccm: None,,,,,,,,,,,,,,,,,,,,,,,,,,,,,,,,,,,,,,,,,1,,,
,MSTR-009-0115400-d0006,,,,,,,,,,,,,,,,,,,,,,,,,,,,,,,,,,,,,,,,,,,,,,,,,,,,,,,,,,,,,,,,,,,,,,,,,,,,,,,,,,,,,,,,,,,,,,,,,関連表1_L(車両信頼性)_XQ5.xlsx,,,,,,YES,,,,,,,,,ccm: None,,,,,,,,,,,,,,,,,,,,,,,,,,,,,,,,,,,,,1,,,,,,,
,MSTR-009-0115400-d0007,,,,,,,,,,,,,,,,,,,,,,,,,,,,,,,,,,,,,,,,,,,,,,,,,,,,,,,,,,,,,,,,,,,,,,,,,,,,,,,,,,,,,,,,,,,,,,,,,関連表1_L(車両信頼性)_XQ5.xlsx,,,,,,YES,,,,,,,,,ccm: None,,,,,,,,,,,,,,,,,,,,,,,,,,,,,,,,,,,,,,1,,,,,,
,MSTR-009-0115400-d0008,,,,,,,,,,,,,,,,,,,,,,,,,,,,,,,,,,,,,,,,,,,,,,,,,,,,,,,,,,,,,,,,,,,,,,,,,,,,,,,,,,,,,,,,,,,,,,,,,関連表1_L(車両信頼性)_XQ5.xlsx,,,,,,YES,,,,,,,,,ccm: None,,,,,,,,,,,,,,,,,,,,,,,,,1,,,,,,,,,,,,,,,,,,,
,MSTR-009-0115400-d0009,,,,,,,,,,,,,,,,,,,,,,,,,,,,,,,,,,,,,,,,,,,,,,,,,,,,,,,,,,,,,,,,,,,,,,,,,,,,,,,,,,,,,,,,,,,,,,,,,関連表1_L(車両信頼性)_XQ5.xlsx,,,,,,YES,,,,,,,,,ccm: None,,,,,,,,,,,,,,,,,,,,,,,,,,1,,,,,,,,,,,,,,,,,,
,MSTR-009-0115500,,,,,,,,,,,,,,,,,,,,,,,,,,,,,,,,,,,,,,,,,,,,,,,,,,,,,,,,,,,,,,,,,,,,,,,,,,,,,,,,,,,,,,,,,,,,,,,,,関連表1_L(車両信頼性)_XQ5.xlsx,,,,,,YES,,,,,,,,,ccm: None,,,,,,,,,,,,,,,,,,,,,,,1,,,,,,,,,,,,,,,,,,,,,
,MSTR-009-0115500-d0001,,,,,,,,,,,,,,,,,,,,,,,,,,,,,,,,,,,,,,,,,,,,,,,,,,,,,,,,,,,,,,,,,,,,,,,,,,,,,,,,,,,,,,,,,,,,,,,,,関連表1_L(車両信頼性)_XQ5.xlsx,,,,,,YES,,,,,,,,,ccm: None,,,,,,,,,,,,,,,,,,,,,,,,,1,,,,,,,,,1,,,,,,,,,,
,MSTR-009-0115500-d00010,,,,,,,,,,,,,,,,,,,,,,,,,,,,,,,,,,,,,,,,,,,,,,,,,,,,,,,,,,,,,,,,,,,,,,,,,,,,,,,,,,,,,,,,,,,,,,,,,関連表1_L(車両信頼性)_XQ5.xlsx,,,,,,YES,,,,,,,,,ccm: None,,,,,,,,,,,,,,,,,,,,,,,,,,,1,,,,,,,,,,,,,,,,,
,MSTR-009-0115500-d0002,,,,,,,,,,,,,,,,,,,,,,,,,,,,,,,,,,,,,,,,,,,,,,,,,,,,,,,,,,,,,,,,,,,,,,,,,,,,,,,,,,,,,,,,,,,,,,,,,関連表1_L(車両信頼性)_XQ5.xlsx,,,,,,YES,,,,,,,,,ccm: None,,,,,,,,,,,,,,,,,,,,,,,,,,,,,,,,,,,,1,,,,,,,,
,MSTR-009-0115500-d0003,,,,,,,,,,,,,,,,,,,,,,,,,,,,,,,,,,,,,,,,,,,,,,,,,,,,,,,,,,,,,,,,,,,,,,,,,,,,,,,,,,,,,,,,,,,,,,,,,関連表1_L(車両信頼性)_XQ5.xlsx,,,,,,YES,,,,,,,,,ccm: None,,,,,,,,,,,,,,,,,,,,,,,,,,,,,,,,,,,,,1,,,,,,,
,MSTR-009-0115500-d0004,,,,,,,,,,,,,,,,,,,,,,,,,,,,,,,,,,,,,,,,,,,,,,,,,,,,,,,,,,,,,,,,,,,,,,,,,,,,,,,,,,,,,,,,,,,,,,,,,関連表1_L(車両信頼性)_XQ5.xlsx,,,,,,YES,,,,,,,,,ccm: None,,,,,,,,,,,,,,,,,,,,,,,,,,,,,,,,,,,,,,,,1,,,,
,MSTR-009-0115500-d0005,,,,,,,,,,,,,,,,,,,,,,,,,,,,,,,,,,,,,,,,,,,,,,,,,,,,,,,,,,,,,,,,,,,,,,,,,,,,,,,,,,,,,,,,,,,,,,,,,関連表1_L(車両信頼性)_XQ5.xlsx,,,,,,YES,,,,,,,,,ccm: None,,,,,,,,,,,,,,,,,,,,,,,,,,,,,,,,,,,,,,,,,1,,,
,MSTR-009-0115500-d0006,,,,,,,,,,,,,,,,,,,,,,,,,,,,,,,,,,,,,,,,,,,,,,,,,,,,,,,,,,,,,,,,,,,,,,,,,,,,,,,,,,,,,,,,,,,,,,,,,関連表1_L(車両信頼性)_XQ5.xlsx,,,,,,YES,,,,,,,,,ccm: None,,,,,,,,,,,,,,,,,,,,,,,,,,,,,,,,,,,,,1,,,,,,,
,MSTR-009-0115500-d0007,,,,,,,,,,,,,,,,,,,,,,,,,,,,,,,,,,,,,,,,,,,,,,,,,,,,,,,,,,,,,,,,,,,,,,,,,,,,,,,,,,,,,,,,,,,,,,,,,関連表1_L(車両信頼性)_XQ5.xlsx,,,,,,YES,,,,,,,,,ccm: None,,,,,,,,,,,,,,,,,,,,,,,,,,,,,,,,,,,,,,1,,,,,,
,MSTR-009-0115500-d0008,,,,,,,,,,,,,,,,,,,,,,,,,,,,,,,,,,,,,,,,,,,,,,,,,,,,,,,,,,,,,,,,,,,,,,,,,,,,,,,,,,,,,,,,,,,,,,,,,関連表1_L(車両信頼性)_XQ5.xlsx,,,,,,YES,,,,,,,,,ccm: None,,,,,,,,,,,,,,,,,,,,,,,,,1,,,,,,,,,,,,,,,,,,,
,MSTR-009-0115500-d0009,,,,,,,,,,,,,,,,,,,,,,,,,,,,,,,,,,,,,,,,,,,,,,,,,,,,,,,,,,,,,,,,,,,,,,,,,,,,,,,,,,,,,,,,,,,,,,,,,関連表1_L(車両信頼性)_XQ5.xlsx,,,,,,YES,,,,,,,,,ccm: None,,,,,,,,,,,,,,,,,,,,,,,,,,1,,,,,,,,,,,,,,,,,,
,MSTR-009-0115600,,,,,,,,,,,,,,,,,,,,,,,,,,,,,,,,,,,,,,,,,,,,,,,,,,,,,,,,,,,,,,,,,,,,,,,,,,,,,,,,,,,,,,,,,,,,,,,,,関連表1_L(車両信頼性)_XQ5.xlsx,,,,,,YES,,,,,,,,,ccm: None,,,,,,,,,,,,,,,,,,,,,,,1,,,,,,,,,,,,,,,,,,,,,
,MSTR-009-0115600-d0001,,,,,,,,,,,,,,,,,,,,,,,,,,,,,,,,,,,,,,,,,,,,,,,,,,,,,,,,,,,,,,,,,,,,,,,,,,,,,,,,,,,,,,,,,,,,,,,,,関連表1_L(車両信頼性)_XQ5.xlsx,,,,,,YES,,,,,,,,,ccm: None,,,,,,,,,,,,,,,,,,,,,,,,,1,,,,,,,,,1,,,,,,,,,,
,MSTR-009-0115600-d00010,,,,,,,,,,,,,,,,,,,,,,,,,,,,,,,,,,,,,,,,,,,,,,,,,,,,,,,,,,,,,,,,,,,,,,,,,,,,,,,,,,,,,,,,,,,,,,,,,関連表1_L(車両信頼性)_XQ5.xlsx,,,,,,YES,,,,,,,,,ccm: None,,,,,,,,,,,,,,,,,,,,,,,,,,,1,,,,,,,,,,,,,,,,,
,MSTR-009-0115600-d0002,,,,,,,,,,,,,,,,,,,,,,,,,,,,,,,,,,,,,,,,,,,,,,,,,,,,,,,,,,,,,,,,,,,,,,,,,,,,,,,,,,,,,,,,,,,,,,,,,関連表1_L(車両信頼性)_XQ5.xlsx,,,,,,YES,,,,,,,,,ccm: None,,,,,,,,,,,,,,,,,,,,,,,,,,,,,,,,,,,,1,,,,,,,,
,MSTR-009-0115600-d0003,,,,,,,,,,,,,,,,,,,,,,,,,,,,,,,,,,,,,,,,,,,,,,,,,,,,,,,,,,,,,,,,,,,,,,,,,,,,,,,,,,,,,,,,,,,,,,,,,関連表1_L(車両信頼性)_XQ5.xlsx,,,,,,YES,,,,,,,,,ccm: None,,,,,,,,,,,,,,,,,,,,,,,,,,,,,,,,,,,,,,1,,,,,,
,MSTR-009-0115600-d0004,,,,,,,,,,,,,,,,,,,,,,,,,,,,,,,,,,,,,,,,,,,,,,,,,,,,,,,,,,,,,,,,,,,,,,,,,,,,,,,,,,,,,,,,,,,,,,,,,関連表1_L(車両信頼性)_XQ5.xlsx,,,,,,YES,,,,,,,,,ccm: None,,,,,,,,,,,,,,,,,,,,,,,,,,,,,,,,,,,,,,,1,,,,,
,MSTR-009-0115600-d0005,,,,,,,,,,,,,,,,,,,,,,,,,,,,,,,,,,,,,,,,,,,,,,,,,,,,,,,,,,,,,,,,,,,,,,,,,,,,,,,,,,,,,,,,,,,,,,,,,関連表1_L(車両信頼性)_XQ5.xlsx,,,,,,YES,,,,,,,,,ccm: None,,,,,,,,,,,,,,,,,,,,,,,,,,,,,,,,,,,,,,,,,,1,,
,MSTR-009-0115600-d0006,,,,,,,,,,,,,,,,,,,,,,,,,,,,,,,,,,,,,,,,,,,,,,,,,,,,,,,,,,,,,,,,,,,,,,,,,,,,,,,,,,,,,,,,,,,,,,,,,関連表1_L(車両信頼性)_XQ5.xlsx,,,,,,YES,,,,,,,,,ccm: None,,,,,,,,,,,,,,,,,,,,,,,,,,,,,,,,,,,,,1,,,,,,,
,MSTR-009-0115600-d0007,,,,,,,,,,,,,,,,,,,,,,,,,,,,,,,,,,,,,,,,,,,,,,,,,,,,,,,,,,,,,,,,,,,,,,,,,,,,,,,,,,,,,,,,,,,,,,,,,関連表1_L(車両信頼性)_XQ5.xlsx,,,,,,YES,,,,,,,,,ccm: None,,,,,,,,,,,,,,,,,,,,,,,,,,,,,,,,,,,,,,1,,,,,,
,MSTR-009-0115600-d0008,,,,,,,,,,,,,,,,,,,,,,,,,,,,,,,,,,,,,,,,,,,,,,,,,,,,,,,,,,,,,,,,,,,,,,,,,,,,,,,,,,,,,,,,,,,,,,,,,関連表1_L(車両信頼性)_XQ5.xlsx,,,,,,YES,,,,,,,,,ccm: None,,,,,,,,,,,,,,,,,,,,,,,,,1,,,,,,,,,,,,,,,,,,,
,MSTR-009-0115600-d0009,,,,,,,,,,,,,,,,,,,,,,,,,,,,,,,,,,,,,,,,,,,,,,,,,,,,,,,,,,,,,,,,,,,,,,,,,,,,,,,,,,,,,,,,,,,,,,,,,関連表1_L(車両信頼性)_XQ5.xlsx,,,,,,YES,,,,,,,,,ccm: None,,,,,,,,,,,,,,,,,,,,,,,,,,1,,,,,,,,,,,,,,,,,,
,MSTR-009-0115700,,,,,,,,,,,,,,,,,,,,,,,,,,,,,,,,,,,,,,,,,,,,,,,,,,,,,,,,,,,,,,,,,,,,,,,,,,,,,,,,,,,,,,,,,,,,,,,,,関連表1_L(車両信頼性)_XQ5.xlsx,,,,,,,,,,,,,,,,YES,,,,,,,,,,,,,,,,,,,,,,1,*,*,*,*,*,*,*,*,*,*,*,*,*,*,*,,,,,,
,MSTR-009-0115800,,,,,,,,,,,,,,,,,,,,,,,,,,,,,,,,,,,,,,,,,,,,,,,,,,,,,,,,,,,,,,,,,,,,,,,,,,,,,,,,,,,,,,,,,,,,,,,,,関連表1_L(車両信頼性)_XQ5.xlsx,,,,,,,,,,,,,,,,YES,,,,,,,,,,,,,,,,,,,,,,1,*,*,*,*,*,*,*,*,*,*,*,*,*,*,*,,,,,,
,MSTR-009-0115900,,,,,,,,,,,,,,,,,,,,,,,,,,,,,,,,,,,,,,,,,,,,,,,,,,,,,,,,,,,,,,,,,,,,,,,,,,,,,,,,,,,,,,,,,,,,,,,,,関連表1_L(車両信頼性)_XQ5.xlsx,,,,,,,,,,,,,,,,YES,,,,,,,,,,,,,,,,,,,,,,1,*,*,*,*,*,*,*,*,*,*,*,*,*,*,*,,,,,,
,MSTR-009-0116000,,,,,,,,,,,,,,,,,,,,,,,,,,,,,,,,,,,,,,,,,,,,,,,,,,,,,,,,,,,,,,,,,,,,,,,,,,,,,,,,,,,,,,,,,,,,,,,,,関連表1_L(車両信頼性)_XQ5.xlsx,,,,,,,,,,,,,,,,YES,,,,,,,,,,,,,,,,,,,,,,1,*,*,*,*,*,*,*,*,*,*,*,*,*,*,*,,,,,,
,MSTR-009-0116100,,,,,,,,,,,,,,,,,,,,,,,,,,,,,,,,,,,,,,,,,,,,,,,,,,,,,,,,,,,,,,,,,,,,,,,,,,,,,,,,,,,,,,,,,,,,,,,,,関連表1_L(車両信頼性)_XQ5.xlsx,,,,,,,,,,,,,,,,YES,,,,,,,,,,,,,,,,,,,,,,1,*,*,*,*,*,*,*,*,*,*,*,*,*,*,*,,,,,,
,MSTR-009-0116200,,,,,,,,,,,,,,,,,,,,,,,,,,,,,,,,,,,,,,,,,,,,,,,,,,,,,,,,,,,,,,,,,,,,,,,,,,,,,,,,,,,,,,,,,,,,,,,,,関連表1_L(車両信頼性)_XQ5.xlsx,,,,,,,,,,,,,,,,YES,,,,,,,,,,,,,,,,,,,,,,1,*,*,*,*,*,*,*,*,*,*,*,*,*,*,*,,,,,,
,MSTR-009-0116300,,,,,,,,,,,,,,,,,,,,,,,,,,,,,,,,,,,,,,,,,,,,,,,,,,,,,,,,,,,,,,,,,,,,,,,,,,,,,,,,,,,,,,,,,,,,,,,,,関連表1_L(車両信頼性)_XQ5.xlsx,,,,,,,,,,,,,,,,YES,,,,,,,,,,,,,,,,,,,,,,1,*,*,*,*,*,*,*,*,*,*,*,*,*,*,*,,,,,,
,MSTR-009-0116400,,,,,,,,,,,,,,,,,,,,,,,,,,,,,,,,,,,,,,,,,,,,,,,,,,,,,,,,,,,,,,,,,,,,,,,,,,,,,,,,,,,,,,,,,,,,,,,,,関連表1_L(車両信頼性)_XQ5.xlsx,,,,,,,,,,,,,,,,YES,,,,,,,,,,,,,,,,,,,,,,1,*,*,*,*,*,*,*,*,*,*,*,*,*,*,*,,,,,,
,MSTR-009-0116500,,,,,,,,,,,,,,,,,,,,,,,,,,,,,,,,,,,,,,,,,,,,,,,,,,,,,,,,,,,,,,,,,,,,,,,,,,,,,,,,,,,,,,,,,,,,,,,,,関連表1_L(車両信頼性)_XQ5.xlsx,,,,,,,,,,,,,,,,YES,,,,,,,,,,,,,,,,,,,,,,1,*,*,*,*,*,*,*,*,*,*,*,*,*,*,*,,,,,,
,MSTR-009-0116600,,,,,,,,,,,,,,,,,,,,,,,,,,,,,,,,,,,,,,,,,,,,,,,,,,,,,,,,,,,,,,,,,,,,,,,,,,,,,,,,,,,,,,,,,,,,,,,,,関連表1_L(車両信頼性)_XQ5.xlsx,,,,,,,,,,,,,,,,YES,,,,,,,,,,,,,,,,,,,,,,1,*,*,*,*,*,*,*,*,*,*,*,*,*,*,*,,,,,,
,MSTR-009-0116700,,,,,,,,,,,,,,,,,,,,,,,,,,,,,,,,,,,,,,,,,,,,,,,,,,,,,,,,,,,,,,,,,,,,,,,,,,,,,,,,,,,,,,,,,,,,,,,,,関連表1_L(車両信頼性)_XQ5.xlsx,,,,,,YES,,,,,,,,,ccm: None,YES,,,,,,,,,ccm: None,,,,,,,,,,,,,1,,,,,,,,,,,,,,,,,,,,,
,MSTR-009-0116700-d0001,,,,,,,,,,,,,,,,,,,,,,,,,,,,,,,,,,,,,,,,,,,,,,,,,,,,,,,,,,,,,,,,,,,,,,,,,,,,,,,,,,,,,,,,,,,,,,,,,関連表1_L(車両信頼性)_XQ5.xlsx,,,,,,YES,,,,,,,,,ccm: None,YES,,,,,,,,,ccm: None,,,,,,,,,,,,,,,1,,,,,,,,,1,,,,,,,,,,
,MSTR-009-0116700-d00010,,,,,,,,,,,,,,,,,,,,,,,,,,,,,,,,,,,,,,,,,,,,,,,,,,,,,,,,,,,,,,,,,,,,,,,,,,,,,,,,,,,,,,,,,,,,,,,,,関連表1_L(車両信頼性)_XQ5.xlsx,,,,,,YES,,,,,,,,,ccm: None,YES,,,,,,,,,ccm: None,,,,,,,,,,,,,,,,,1,,,,,,,,,,,,,,,,,
,MSTR-009-0116700-d0002,,,,,,,,,,,,,,,,,,,,,,,,,,,,,,,,,,,,,,,,,,,,,,,,,,,,,,,,,,,,,,,,,,,,,,,,,,,,,,,,,,,,,,,,,,,,,,,,,関連表1_L(車両信頼性)_XQ5.xlsx,,,,,,YES,,,,,,,,,ccm: None,YES,,,,,,,,,ccm: None,,,,,,,,,,,,,,,,,,,,,,,,,,1,,,,,,,,
,MSTR-009-0116700-d0003,,,,,,,,,,,,,,,,,,,,,,,,,,,,,,,,,,,,,,,,,,,,,,,,,,,,,,,,,,,,,,,,,,,,,,,,,,,,,,,,,,,,,,,,,,,,,,,,,関連表1_L(車両信頼性)_XQ5.xlsx,,,,,,YES,,,,,,,,,ccm: None,YES,,,,,,,,,ccm: None,,,,,,,,,,,,,,,,,,,,,,,,,,,1,,,,,,,
,MSTR-009-0116700-d0004,,,,,,,,,,,,,,,,,,,,,,,,,,,,,,,,,,,,,,,,,,,,,,,,,,,,,,,,,,,,,,,,,,,,,,,,,,,,,,,,,,,,,,,,,,,,,,,,,関連表1_L(車両信頼性)_XQ5.xlsx,,,,,,YES,,,,,,,,,ccm: None,YES,,,,,,,,,ccm: None,,,,,,,,,,,,,,,,,,,,,,,,,,,,,,1,,,,
,MSTR-009-0116700-d0005,,,,,,,,,,,,,,,,,,,,,,,,,,,,,,,,,,,,,,,,,,,,,,,,,,,,,,,,,,,,,,,,,,,,,,,,,,,,,,,,,,,,,,,,,,,,,,,,,関連表1_L(車両信頼性)_XQ5.xlsx,,,,,,YES,,,,,,,,,ccm: None,YES,,,,,,,,,ccm: None,,,,,,,,,,,,,,,,,,,,,,,,,,,,,,,1,,,
,MSTR-009-0116700-d0006,,,,,,,,,,,,,,,,,,,,,,,,,,,,,,,,,,,,,,,,,,,,,,,,,,,,,,,,,,,,,,,,,,,,,,,,,,,,,,,,,,,,,,,,,,,,,,,,,関連表1_L(車両信頼性)_XQ5.xlsx,,,,,,YES,,,,,,,,,ccm: None,YES,,,,,,,,,ccm: None,,,,,,,,,,,,,,,,,,,,,,,,,,,1,,,,,,,
,MSTR-009-0116700-d0007,,,,,,,,,,,,,,,,,,,,,,,,,,,,,,,,,,,,,,,,,,,,,,,,,,,,,,,,,,,,,,,,,,,,,,,,,,,,,,,,,,,,,,,,,,,,,,,,,関連表1_L(車両信頼性)_XQ5.xlsx,,,,,,YES,,,,,,,,,ccm: None,YES,,,,,,,,,ccm: None,,,,,,,,,,,,,,,,,,,,,,,,,,,,1,,,,,,
,MSTR-009-0116700-d0008,,,,,,,,,,,,,,,,,,,,,,,,,,,,,,,,,,,,,,,,,,,,,,,,,,,,,,,,,,,,,,,,,,,,,,,,,,,,,,,,,,,,,,,,,,,,,,,,,関連表1_L(車両信頼性)_XQ5.xlsx,,,,,,YES,,,,,,,,,ccm: None,YES,,,,,,,,,ccm: None,,,,,,,,,,,,,,,1,,,,,,,,,,,,,,,,,,,
,MSTR-009-0116700-d0009,,,,,,,,,,,,,,,,,,,,,,,,,,,,,,,,,,,,,,,,,,,,,,,,,,,,,,,,,,,,,,,,,,,,,,,,,,,,,,,,,,,,,,,,,,,,,,,,,関連表1_L(車両信頼性)_XQ5.xlsx,,,,,,YES,,,,,,,,,ccm: None,YES,,,,,,,,,ccm: None,,,,,,,,,,,,,,,,1,,,,,,,,,,,,,,,,,,
,MSTR-009-0116800,,,,,,,,,,,,,,,,,,,,,,,,,,,,,,,,,,,,,,,,,,,,,,,,,,,,,,,,,,,,,,,,,,,,,,,,,,,,,,,,,,,,,,,,,,,,,,,,,関連表1_L(車両信頼性)_XQ5.xlsx,,,,,,YES,,,,,,,,,ccm: None,YES,,,,,,,,,ccm: None,,,,,,,,,,,,,1,,,,,,,,,,,,,,,,,,,,,
,MSTR-009-0116800-d0001,,,,,,,,,,,,,,,,,,,,,,,,,,,,,,,,,,,,,,,,,,,,,,,,,,,,,,,,,,,,,,,,,,,,,,,,,,,,,,,,,,,,,,,,,,,,,,,,,関連表1_L(車両信頼性)_XQ5.xlsx,,,,,,YES,,,,,,,,,ccm: None,YES,,,,,,,,,ccm: None,,,,,,,,,,,,,,,1,,,,,,,,,1,,,,,,,,,,
,MSTR-009-0116800-d00010,,,,,,,,,,,,,,,,,,,,,,,,,,,,,,,,,,,,,,,,,,,,,,,,,,,,,,,,,,,,,,,,,,,,,,,,,,,,,,,,,,,,,,,,,,,,,,,,,関連表1_L(車両信頼性)_XQ5.xlsx,,,,,,YES,,,,,,,,,ccm: None,YES,,,,,,,,,ccm: None,,,,,,,,,,,,,,,,,1,,,,,,,,,,,,,,,,,
,MSTR-009-0116800-d0002,,,,,,,,,,,,,,,,,,,,,,,,,,,,,,,,,,,,,,,,,,,,,,,,,,,,,,,,,,,,,,,,,,,,,,,,,,,,,,,,,,,,,,,,,,,,,,,,,関連表1_L(車両信頼性)_XQ5.xlsx,,,,,,YES,,,,,,,,,ccm: None,YES,,,,,,,,,ccm: None,,,,,,,,,,,,,,,,,,,,,,,,,,1,,,,,,,,
,MSTR-009-0116800-d0003,,,,,,,,,,,,,,,,,,,,,,,,,,,,,,,,,,,,,,,,,,,,,,,,,,,,,,,,,,,,,,,,,,,,,,,,,,,,,,,,,,,,,,,,,,,,,,,,,関連表1_L(車両信頼性)_XQ5.xlsx,,,,,,YES,,,,,,,,,ccm: None,YES,,,,,,,,,ccm: None,,,,,,,,,,,,,,,,,,,,,,,,,,,,1,,,,,,
,MSTR-009-0116800-d0004,,,,,,,,,,,,,,,,,,,,,,,,,,,,,,,,,,,,,,,,,,,,,,,,,,,,,,,,,,,,,,,,,,,,,,,,,,,,,,,,,,,,,,,,,,,,,,,,,関連表1_L(車両信頼性)_XQ5.xlsx,,,,,,YES,,,,,,,,,ccm: None,YES,,,,,,,,,ccm: None,,,,,,,,,,,,,,,,,,,,,,,,,,,,,1,,,,,
,MSTR-009-0116800-d0005,,,,,,,,,,,,,,,,,,,,,,,,,,,,,,,,,,,,,,,,,,,,,,,,,,,,,,,,,,,,,,,,,,,,,,,,,,,,,,,,,,,,,,,,,,,,,,,,,関連表1_L(車両信頼性)_XQ5.xlsx,,,,,,YES,,,,,,,,,ccm: None,YES,,,,,,,,,ccm: None,,,,,,,,,,,,,,,,,,,,,,,,,,,,,,,1,,,
,MSTR-009-0116800-d0006,,,,,,,,,,,,,,,,,,,,,,,,,,,,,,,,,,,,,,,,,,,,,,,,,,,,,,,,,,,,,,,,,,,,,,,,,,,,,,,,,,,,,,,,,,,,,,,,,関連表1_L(車両信頼性)_XQ5.xlsx,,,,,,YES,,,,,,,,,ccm: None,YES,,,,,,,,,ccm: None,,,,,,,,,,,,,,,,,,,,,,,,,,,1,,,,,,,
,MSTR-009-0116800-d0007,,,,,,,,,,,,,,,,,,,,,,,,,,,,,,,,,,,,,,,,,,,,,,,,,,,,,,,,,,,,,,,,,,,,,,,,,,,,,,,,,,,,,,,,,,,,,,,,,関連表1_L(車両信頼性)_XQ5.xlsx,,,,,,YES,,,,,,,,,ccm: None,YES,,,,,,,,,ccm: None,,,,,,,,,,,,,,,,,,,,,,,,,,,,1,,,,,,
,MSTR-009-0116800-d0008,,,,,,,,,,,,,,,,,,,,,,,,,,,,,,,,,,,,,,,,,,,,,,,,,,,,,,,,,,,,,,,,,,,,,,,,,,,,,,,,,,,,,,,,,,,,,,,,,関連表1_L(車両信頼性)_XQ5.xlsx,,,,,,YES,,,,,,,,,ccm: None,YES,,,,,,,,,ccm: None,,,,,,,,,,,,,,,1,,,,,,,,,,,,,,,,,,,
,MSTR-009-0116800-d0009,,,,,,,,,,,,,,,,,,,,,,,,,,,,,,,,,,,,,,,,,,,,,,,,,,,,,,,,,,,,,,,,,,,,,,,,,,,,,,,,,,,,,,,,,,,,,,,,,関連表1_L(車両信頼性)_XQ5.xlsx,,,,,,YES,,,,,,,,,ccm: None,YES,,,,,,,,,ccm: None,,,,,,,,,,,,,,,,1,,,,,,,,,,,,,,,,,,
,MSTR-009-0116900,,,,,,,,,,,,,,,,,,,,,,,,,,,,,,,,,,,,,,,,,,,,,,,,,,,,,,,,,,,,,,,,,,,,,,,,,,,,,,,,,,,,,,,,,,,,,,,,,関連表1_L(車両信頼性)_XQ5.xlsx,,,,,,YES,,,,,,,,,ccm: None,YES,,,,,,,,,ccm: None,,,,,,,,,,,,,1,,,,,,,,,,,,,,,,,,,,,
,MSTR-009-0116900-d0001,,,,,,,,,,,,,,,,,,,,,,,,,,,,,,,,,,,,,,,,,,,,,,,,,,,,,,,,,,,,,,,,,,,,,,,,,,,,,,,,,,,,,,,,,,,,,,,,,関連表1_L(車両信頼性)_XQ5.xlsx,,,,,,YES,,,,,,,,,ccm: None,YES,,,,,,,,,ccm: None,,,,,,,,,,,,,,,1,,,,,,,,,1,,,,,,,,,,
,MSTR-009-0116900-d00010,,,,,,,,,,,,,,,,,,,,,,,,,,,,,,,,,,,,,,,,,,,,,,,,,,,,,,,,,,,,,,,,,,,,,,,,,,,,,,,,,,,,,,,,,,,,,,,,,関連表1_L(車両信頼性)_XQ5.xlsx,,,,,,YES,,,,,,,,,ccm: None,YES,,,,,,,,,ccm: None,,,,,,,,,,,,,,,,,1,,,,,,,,,,,,,,,,,
,MSTR-009-0116900-d0002,,,,,,,,,,,,,,,,,,,,,,,,,,,,,,,,,,,,,,,,,,,,,,,,,,,,,,,,,,,,,,,,,,,,,,,,,,,,,,,,,,,,,,,,,,,,,,,,,関連表1_L(車両信頼性)_XQ5.xlsx,,,,,,YES,,,,,,,,,ccm: None,YES,,,,,,,,,ccm: None,,,,,,,,,,,,,,,,,,,,,,,,,,1,,,,,,,,
,MSTR-009-0116900-d0003,,,,,,,,,,,,,,,,,,,,,,,,,,,,,,,,,,,,,,,,,,,,,,,,,,,,,,,,,,,,,,,,,,,,,,,,,,,,,,,,,,,,,,,,,,,,,,,,,関連表1_L(車両信頼性)_XQ5.xlsx,,,,,,YES,,,,,,,,,ccm: None,YES,,,,,,,,,ccm: None,,,,,,,,,,,,,,,,,,,,,,,,,,,1,,,,,,,
,MSTR-009-0116900-d0004,,,,,,,,,,,,,,,,,,,,,,,,,,,,,,,,,,,,,,,,,,,,,,,,,,,,,,,,,,,,,,,,,,,,,,,,,,,,,,,,,,,,,,,,,,,,,,,,,関連表1_L(車両信頼性)_XQ5.xlsx,,,,,,YES,,,,,,,,,ccm: None,YES,,,,,,,,,ccm: None,,,,,,,,,,,,,,,,,,,,,,,,,,,,,,1,,,,
,MSTR-009-0116900-d0005,,,,,,,,,,,,,,,,,,,,,,,,,,,,,,,,,,,,,,,,,,,,,,,,,,,,,,,,,,,,,,,,,,,,,,,,,,,,,,,,,,,,,,,,,,,,,,,,,関連表1_L(車両信頼性)_XQ5.xlsx,,,,,,YES,,,,,,,,,ccm: None,YES,,,,,,,,,ccm: None,,,,,,,,,,,,,,,,,,,,,,,,,,,,,,,1,,,
,MSTR-009-0116900-d0006,,,,,,,,,,,,,,,,,,,,,,,,,,,,,,,,,,,,,,,,,,,,,,,,,,,,,,,,,,,,,,,,,,,,,,,,,,,,,,,,,,,,,,,,,,,,,,,,,関連表1_L(車両信頼性)_XQ5.xlsx,,,,,,YES,,,,,,,,,ccm: None,YES,,,,,,,,,ccm: None,,,,,,,,,,,,,,,,,,,,,,,,,,,1,,,,,,,
,MSTR-009-0116900-d0007,,,,,,,,,,,,,,,,,,,,,,,,,,,,,,,,,,,,,,,,,,,,,,,,,,,,,,,,,,,,,,,,,,,,,,,,,,,,,,,,,,,,,,,,,,,,,,,,,関連表1_L(車両信頼性)_XQ5.xlsx,,,,,,YES,,,,,,,,,ccm: None,YES,,,,,,,,,ccm: None,,,,,,,,,,,,,,,,,,,,,,,,,,,,1,,,,,,
,MSTR-009-0116900-d0008,,,,,,,,,,,,,,,,,,,,,,,,,,,,,,,,,,,,,,,,,,,,,,,,,,,,,,,,,,,,,,,,,,,,,,,,,,,,,,,,,,,,,,,,,,,,,,,,,関連表1_L(車両信頼性)_XQ5.xlsx,,,,,,YES,,,,,,,,,ccm: None,YES,,,,,,,,,ccm: None,,,,,,,,,,,,,,,1,,,,,,,,,,,,,,,,,,,
,MSTR-009-0116900-d0009,,,,,,,,,,,,,,,,,,,,,,,,,,,,,,,,,,,,,,,,,,,,,,,,,,,,,,,,,,,,,,,,,,,,,,,,,,,,,,,,,,,,,,,,,,,,,,,,,関連表1_L(車両信頼性)_XQ5.xlsx,,,,,,YES,,,,,,,,,ccm: None,YES,,,,,,,,,ccm: None,,,,,,,,,,,,,,,,1,,,,,,,,,,,,,,,,,,
,MSTR-009-0117000,,,,,,,,,,,,,,,,,,,,,,,,,,,,,,,,,,,,,,,,,,,,,,,,,,,,,,,,,,,,,,,,,,,,,,,,,,,,,,,,,,,,,,,,,,,,,,,,,関連表1_L(車両信頼性)_XQ5.xlsx,,,,,,YES,,,,,,,,,ccm: None,YES,,,,,,,,,ccm: None,,,,,,,,,,,,,1,,,,,,,,,,,,,,,,,,,,,
,MSTR-009-0117000-d0001,,,,,,,,,,,,,,,,,,,,,,,,,,,,,,,,,,,,,,,,,,,,,,,,,,,,,,,,,,,,,,,,,,,,,,,,,,,,,,,,,,,,,,,,,,,,,,,,,関連表1_L(車両信頼性)_XQ5.xlsx,,,,,,YES,,,,,,,,,ccm: None,YES,,,,,,,,,ccm: None,,,,,,,,,,,,,,,1,,,,,,,,,1,,,,,,,,,,
,MSTR-009-0117000-d00010,,,,,,,,,,,,,,,,,,,,,,,,,,,,,,,,,,,,,,,,,,,,,,,,,,,,,,,,,,,,,,,,,,,,,,,,,,,,,,,,,,,,,,,,,,,,,,,,,関連表1_L(車両信頼性)_XQ5.xlsx,,,,,,YES,,,,,,,,,ccm: None,YES,,,,,,,,,ccm: None,,,,,,,,,,,,,,,,,1,,,,,,,,,,,,,,,,,
,MSTR-009-0117000-d0002,,,,,,,,,,,,,,,,,,,,,,,,,,,,,,,,,,,,,,,,,,,,,,,,,,,,,,,,,,,,,,,,,,,,,,,,,,,,,,,,,,,,,,,,,,,,,,,,,関連表1_L(車両信頼性)_XQ5.xlsx,,,,,,YES,,,,,,,,,ccm: None,YES,,,,,,,,,ccm: None,,,,,,,,,,,,,,,,,,,,,,,,,,1,,,,,,,,
,MSTR-009-0117000-d0003,,,,,,,,,,,,,,,,,,,,,,,,,,,,,,,,,,,,,,,,,,,,,,,,,,,,,,,,,,,,,,,,,,,,,,,,,,,,,,,,,,,,,,,,,,,,,,,,,関連表1_L(車両信頼性)_XQ5.xlsx,,,,,,YES,,,,,,,,,ccm: None,YES,,,,,,,,,ccm: None,,,,,,,,,,,,,,,,,,,,,,,,,,,,1,,,,,,
,MSTR-009-0117000-d0004,,,,,,,,,,,,,,,,,,,,,,,,,,,,,,,,,,,,,,,,,,,,,,,,,,,,,,,,,,,,,,,,,,,,,,,,,,,,,,,,,,,,,,,,,,,,,,,,,関連表1_L(車両信頼性)_XQ5.xlsx,,,,,,YES,,,,,,,,,ccm: None,YES,,,,,,,,,ccm: None,,,,,,,,,,,,,,,,,,,,,,,,,,,,,1,,,,,
,MSTR-009-0117000-d0005,,,,,,,,,,,,,,,,,,,,,,,,,,,,,,,,,,,,,,,,,,,,,,,,,,,,,,,,,,,,,,,,,,,,,,,,,,,,,,,,,,,,,,,,,,,,,,,,,関連表1_L(車両信頼性)_XQ5.xlsx,,,,,,YES,,,,,,,,,ccm: None,YES,,,,,,,,,ccm: None,,,,,,,,,,,,,,,,,,,,,,,,,,,,,,,,1,,
,MSTR-009-0117000-d0006,,,,,,,,,,,,,,,,,,,,,,,,,,,,,,,,,,,,,,,,,,,,,,,,,,,,,,,,,,,,,,,,,,,,,,,,,,,,,,,,,,,,,,,,,,,,,,,,,関連表1_L(車両信頼性)_XQ5.xlsx,,,,,,YES,,,,,,,,,ccm: None,YES,,,,,,,,,ccm: None,,,,,,,,,,,,,,,,,,,,,,,,,,,1,,,,,,,
,MSTR-009-0117000-d0007,,,,,,,,,,,,,,,,,,,,,,,,,,,,,,,,,,,,,,,,,,,,,,,,,,,,,,,,,,,,,,,,,,,,,,,,,,,,,,,,,,,,,,,,,,,,,,,,,関連表1_L(車両信頼性)_XQ5.xlsx,,,,,,YES,,,,,,,,,ccm: None,YES,,,,,,,,,ccm: None,,,,,,,,,,,,,,,,,,,,,,,,,,,,1,,,,,,
,MSTR-009-0117000-d0008,,,,,,,,,,,,,,,,,,,,,,,,,,,,,,,,,,,,,,,,,,,,,,,,,,,,,,,,,,,,,,,,,,,,,,,,,,,,,,,,,,,,,,,,,,,,,,,,,関連表1_L(車両信頼性)_XQ5.xlsx,,,,,,YES,,,,,,,,,ccm: None,YES,,,,,,,,,ccm: None,,,,,,,,,,,,,,,1,,,,,,,,,,,,,,,,,,,
,MSTR-009-0117000-d0009,,,,,,,,,,,,,,,,,,,,,,,,,,,,,,,,,,,,,,,,,,,,,,,,,,,,,,,,,,,,,,,,,,,,,,,,,,,,,,,,,,,,,,,,,,,,,,,,,関連表1_L(車両信頼性)_XQ5.xlsx,,,,,,YES,,,,,,,,,ccm: None,YES,,,,,,,,,ccm: None,,,,,,,,,,,,,,,,1,,,,,,,,,,,,,,,,,,
,MSTR-009-0117100,,,,,,,,,,,,,,,,,,,,,,,,,,,,,,,,,,,,,,,,,,,,,,,,,,,,,,,,,,,,,,,,,,,,,,,,,,,,,,,,,,,,,,,,,,,,,,,,,関連表1_L(車両信頼性)_XQ5.xlsx,,,,,,YES,,,,,,,,,ccm: None,YES,,,,,,,,,ccm: None,,,,,,,,,,,,,1,,,,,,,,,,,,,,,,,,,,,
,MSTR-009-0117100-d0001,,,,,,,,,,,,,,,,,,,,,,,,,,,,,,,,,,,,,,,,,,,,,,,,,,,,,,,,,,,,,,,,,,,,,,,,,,,,,,,,,,,,,,,,,,,,,,,,,関連表1_L(車両信頼性)_XQ5.xlsx,,,,,,YES,,,,,,,,,ccm: None,YES,,,,,,,,,ccm: None,,,,,,,,,,,,,,,1,,,,,,,,,1,,,,,,,,,,
,MSTR-009-0117100-d00010,,,,,,,,,,,,,,,,,,,,,,,,,,,,,,,,,,,,,,,,,,,,,,,,,,,,,,,,,,,,,,,,,,,,,,,,,,,,,,,,,,,,,,,,,,,,,,,,,関連表1_L(車両信頼性)_XQ5.xlsx,,,,,,YES,,,,,,,,,ccm: None,YES,,,,,,,,,ccm: None,,,,,,,,,,,,,,,,,1,,,,,,,,,,,,,,,,,
,MSTR-009-0117100-d0002,,,,,,,,,,,,,,,,,,,,,,,,,,,,,,,,,,,,,,,,,,,,,,,,,,,,,,,,,,,,,,,,,,,,,,,,,,,,,,,,,,,,,,,,,,,,,,,,,関連表1_L(車両信頼性)_XQ5.xlsx,,,,,,YES,,,,,,,,,ccm: None,YES,,,,,,,,,ccm: None,,,,,,,,,,,,,,,,,,,,,,,,,,1,,,,,,,,
,MSTR-009-0117100-d0003,,,,,,,,,,,,,,,,,,,,,,,,,,,,,,,,,,,,,,,,,,,,,,,,,,,,,,,,,,,,,,,,,,,,,,,,,,,,,,,,,,,,,,,,,,,,,,,,,関連表1_L(車両信頼性)_XQ5.xlsx,,,,,,YES,,,,,,,,,ccm: None,YES,,,,,,,,,ccm: None,,,,,,,,,,,,,,,,,,,,,,,,,,,1,,,,,,,
,MSTR-009-0117100-d0004,,,,,,,,,,,,,,,,,,,,,,,,,,,,,,,,,,,,,,,,,,,,,,,,,,,,,,,,,,,,,,,,,,,,,,,,,,,,,,,,,,,,,,,,,,,,,,,,,関連表1_L(車両信頼性)_XQ5.xlsx,,,,,,YES,,,,,,,,,ccm: None,YES,,,,,,,,,ccm: None,,,,,,,,,,,,,,,,,,,,,,,,,,,,,,1,,,,
,MSTR-009-0117100-d0005,,,,,,,,,,,,,,,,,,,,,,,,,,,,,,,,,,,,,,,,,,,,,,,,,,,,,,,,,,,,,,,,,,,,,,,,,,,,,,,,,,,,,,,,,,,,,,,,,関連表1_L(車両信頼性)_XQ5.xlsx,,,,,,YES,,,,,,,,,ccm: None,YES,,,,,,,,,ccm: None,,,,,,,,,,,,,,,,,,,,,,,,,,,,,,,1,,,
,MSTR-009-0117100-d0006,,,,,,,,,,,,,,,,,,,,,,,,,,,,,,,,,,,,,,,,,,,,,,,,,,,,,,,,,,,,,,,,,,,,,,,,,,,,,,,,,,,,,,,,,,,,,,,,,関連表1_L(車両信頼性)_XQ5.xlsx,,,,,,YES,,,,,,,,,ccm: None,YES,,,,,,,,,ccm: None,,,,,,,,,,,,,,,,,,,,,,,,,,,1,,,,,,,
,MSTR-009-0117100-d0007,,,,,,,,,,,,,,,,,,,,,,,,,,,,,,,,,,,,,,,,,,,,,,,,,,,,,,,,,,,,,,,,,,,,,,,,,,,,,,,,,,,,,,,,,,,,,,,,,関連表1_L(車両信頼性)_XQ5.xlsx,,,,,,YES,,,,,,,,,ccm: None,YES,,,,,,,,,ccm: None,,,,,,,,,,,,,,,,,,,,,,,,,,,,1,,,,,,
,MSTR-009-0117100-d0008,,,,,,,,,,,,,,,,,,,,,,,,,,,,,,,,,,,,,,,,,,,,,,,,,,,,,,,,,,,,,,,,,,,,,,,,,,,,,,,,,,,,,,,,,,,,,,,,,関連表1_L(車両信頼性)_XQ5.xlsx,,,,,,YES,,,,,,,,,ccm: None,YES,,,,,,,,,ccm: None,,,,,,,,,,,,,,,1,,,,,,,,,,,,,,,,,,,
,MSTR-009-0117100-d0009,,,,,,,,,,,,,,,,,,,,,,,,,,,,,,,,,,,,,,,,,,,,,,,,,,,,,,,,,,,,,,,,,,,,,,,,,,,,,,,,,,,,,,,,,,,,,,,,,関連表1_L(車両信頼性)_XQ5.xlsx,,,,,,YES,,,,,,,,,ccm: None,YES,,,,,,,,,ccm: None,,,,,,,,,,,,,,,,1,,,,,,,,,,,,,,,,,,
,MSTR-009-0117200,,,,,,,,,,,,,,,,,,,,,,,,,,,,,,,,,,,,,,,,,,,,,,,,,,,,,,,,,,,,,,,,,,,,,,,,,,,,,,,,,,,,,,,,,,,,,,,,,関連表1_L(車両信頼性)_XQ5.xlsx,,,,,,YES,,,,,,,,,ccm: None,YES,,,,,,,,,ccm: None,,,,,,,,,,,,,1,,,,,,,,,,,,,,,,,,,,,
,MSTR-009-0117200-d0001,,,,,,,,,,,,,,,,,,,,,,,,,,,,,,,,,,,,,,,,,,,,,,,,,,,,,,,,,,,,,,,,,,,,,,,,,,,,,,,,,,,,,,,,,,,,,,,,,関連表1_L(車両信頼性)_XQ5.xlsx,,,,,,YES,,,,,,,,,ccm: None,YES,,,,,,,,,ccm: None,,,,,,,,,,,,,,,1,,,,,,,,,1,,,,,,,,,,
,MSTR-009-0117200-d00010,,,,,,,,,,,,,,,,,,,,,,,,,,,,,,,,,,,,,,,,,,,,,,,,,,,,,,,,,,,,,,,,,,,,,,,,,,,,,,,,,,,,,,,,,,,,,,,,,関連表1_L(車両信頼性)_XQ5.xlsx,,,,,,YES,,,,,,,,,ccm: None,YES,,,,,,,,,ccm: None,,,,,,,,,,,,,,,,,1,,,,,,,,,,,,,,,,,
,MSTR-009-0117200-d0002,,,,,,,,,,,,,,,,,,,,,,,,,,,,,,,,,,,,,,,,,,,,,,,,,,,,,,,,,,,,,,,,,,,,,,,,,,,,,,,,,,,,,,,,,,,,,,,,,関連表1_L(車両信頼性)_XQ5.xlsx,,,,,,YES,,,,,,,,,ccm: None,YES,,,,,,,,,ccm: None,,,,,,,,,,,,,,,,,,,,,,,,,,1,,,,,,,,
,MSTR-009-0117200-d0003,,,,,,,,,,,,,,,,,,,,,,,,,,,,,,,,,,,,,,,,,,,,,,,,,,,,,,,,,,,,,,,,,,,,,,,,,,,,,,,,,,,,,,,,,,,,,,,,,関連表1_L(車両信頼性)_XQ5.xlsx,,,,,,YES,,,,,,,,,ccm: None,YES,,,,,,,,,ccm: None,,,,,,,,,,,,,,,,,,,,,,,,,,,1,,,,,,,
,MSTR-009-0117200-d0004,,,,,,,,,,,,,,,,,,,,,,,,,,,,,,,,,,,,,,,,,,,,,,,,,,,,,,,,,,,,,,,,,,,,,,,,,,,,,,,,,,,,,,,,,,,,,,,,,関連表1_L(車両信頼性)_XQ5.xlsx,,,,,,YES,,,,,,,,,ccm: None,YES,,,,,,,,,ccm: None,,,,,,,,,,,,,,,,,,,,,,,,,,,,,,1,,,,
,MSTR-009-0117200-d0005,,,,,,,,,,,,,,,,,,,,,,,,,,,,,,,,,,,,,,,,,,,,,,,,,,,,,,,,,,,,,,,,,,,,,,,,,,,,,,,,,,,,,,,,,,,,,,,,,関連表1_L(車両信頼性)_XQ5.xlsx,,,,,,YES,,,,,,,,,ccm: None,YES,,,,,,,,,ccm: None,,,,,,,,,,,,,,,,,,,,,,,,,,,,,,,1,,,
,MSTR-009-0117200-d0006,,,,,,,,,,,,,,,,,,,,,,,,,,,,,,,,,,,,,,,,,,,,,,,,,,,,,,,,,,,,,,,,,,,,,,,,,,,,,,,,,,,,,,,,,,,,,,,,,関連表1_L(車両信頼性)_XQ5.xlsx,,,,,,YES,,,,,,,,,ccm: None,YES,,,,,,,,,ccm: None,,,,,,,,,,,,,,,,,,,,,,,,,,,1,,,,,,,
,MSTR-009-0117200-d0007,,,,,,,,,,,,,,,,,,,,,,,,,,,,,,,,,,,,,,,,,,,,,,,,,,,,,,,,,,,,,,,,,,,,,,,,,,,,,,,,,,,,,,,,,,,,,,,,,関連表1_L(車両信頼性)_XQ5.xlsx,,,,,,YES,,,,,,,,,ccm: None,YES,,,,,,,,,ccm: None,,,,,,,,,,,,,,,,,,,,,,,,,,,,1,,,,,,
,MSTR-009-0117200-d0008,,,,,,,,,,,,,,,,,,,,,,,,,,,,,,,,,,,,,,,,,,,,,,,,,,,,,,,,,,,,,,,,,,,,,,,,,,,,,,,,,,,,,,,,,,,,,,,,,関連表1_L(車両信頼性)_XQ5.xlsx,,,,,,YES,,,,,,,,,ccm: None,YES,,,,,,,,,ccm: None,,,,,,,,,,,,,,,1,,,,,,,,,,,,,,,,,,,
,MSTR-009-0117200-d0009,,,,,,,,,,,,,,,,,,,,,,,,,,,,,,,,,,,,,,,,,,,,,,,,,,,,,,,,,,,,,,,,,,,,,,,,,,,,,,,,,,,,,,,,,,,,,,,,,関連表1_L(車両信頼性)_XQ5.xlsx,,,,,,YES,,,,,,,,,ccm: None,YES,,,,,,,,,ccm: None,,,,,,,,,,,,,,,,1,,,,,,,,,,,,,,,,,,
,MSTR-009-0117300,,,,,,,,,,,,,,,,,,,,,,,,,,,,,,,,,,,,,,,,,,,,,,,,,,,,,,,,,,,,,,,,,,,,,,,,,,,,,,,,,,,,,,,,,,,,,,,,,関連表1_L(車両信頼性)_XQ5.xlsx,,,,,,YES,,,,,,,,,ccm: None,YES,,,,,,,,,ccm: None,,,,,,,,,,,,,1,,,,,,,,,,,,,,,,,,,,,
,MSTR-009-0117300-d0001,,,,,,,,,,,,,,,,,,,,,,,,,,,,,,,,,,,,,,,,,,,,,,,,,,,,,,,,,,,,,,,,,,,,,,,,,,,,,,,,,,,,,,,,,,,,,,,,,関連表1_L(車両信頼性)_XQ5.xlsx,,,,,,YES,,,,,,,,,ccm: None,YES,,,,,,,,,ccm: None,,,,,,,,,,,,,,,1,,,,,,,,,1,,,,,,,,,,
,MSTR-009-0117300-d00010,,,,,,,,,,,,,,,,,,,,,,,,,,,,,,,,,,,,,,,,,,,,,,,,,,,,,,,,,,,,,,,,,,,,,,,,,,,,,,,,,,,,,,,,,,,,,,,,,関連表1_L(車両信頼性)_XQ5.xlsx,,,,,,YES,,,,,,,,,ccm: None,YES,,,,,,,,,ccm: None,,,,,,,,,,,,,,,,,1,,,,,,,,,,,,,,,,,
,MSTR-009-0117300-d0002,,,,,,,,,,,,,,,,,,,,,,,,,,,,,,,,,,,,,,,,,,,,,,,,,,,,,,,,,,,,,,,,,,,,,,,,,,,,,,,,,,,,,,,,,,,,,,,,,関連表1_L(車両信頼性)_XQ5.xlsx,,,,,,YES,,,,,,,,,ccm: None,YES,,,,,,,,,ccm: None,,,,,,,,,,,,,,,,,,,,,,,,,,1,,,,,,,,
,MSTR-009-0117300-d0003,,,,,,,,,,,,,,,,,,,,,,,,,,,,,,,,,,,,,,,,,,,,,,,,,,,,,,,,,,,,,,,,,,,,,,,,,,,,,,,,,,,,,,,,,,,,,,,,,関連表1_L(車両信頼性)_XQ5.xlsx,,,,,,YES,,,,,,,,,ccm: None,YES,,,,,,,,,ccm: None,,,,,,,,,,,,,,,,,,,,,,,,,,,,1,,,,,,
,MSTR-009-0117300-d0004,,,,,,,,,,,,,,,,,,,,,,,,,,,,,,,,,,,,,,,,,,,,,,,,,,,,,,,,,,,,,,,,,,,,,,,,,,,,,,,,,,,,,,,,,,,,,,,,,関連表1_L(車両信頼性)_XQ5.xlsx,,,,,,YES,,,,,,,,,ccm: None,YES,,,,,,,,,ccm: None,,,,,,,,,,,,,,,,,,,,,,,,,,,,,1,,,,,
,MSTR-009-0117300-d0005,,,,,,,,,,,,,,,,,,,,,,,,,,,,,,,,,,,,,,,,,,,,,,,,,,,,,,,,,,,,,,,,,,,,,,,,,,,,,,,,,,,,,,,,,,,,,,,,,関連表1_L(車両信頼性)_XQ5.xlsx,,,,,,YES,,,,,,,,,ccm: None,YES,,,,,,,,,ccm: None,,,,,,,,,,,,,,,,,,,,,,,,,,,,,,,1,,,
,MSTR-009-0117300-d0006,,,,,,,,,,,,,,,,,,,,,,,,,,,,,,,,,,,,,,,,,,,,,,,,,,,,,,,,,,,,,,,,,,,,,,,,,,,,,,,,,,,,,,,,,,,,,,,,,関連表1_L(車両信頼性)_XQ5.xlsx,,,,,,YES,,,,,,,,,ccm: None,YES,,,,,,,,,ccm: None,,,,,,,,,,,,,,,,,,,,,,,,,,,1,,,,,,,
,MSTR-009-0117300-d0007,,,,,,,,,,,,,,,,,,,,,,,,,,,,,,,,,,,,,,,,,,,,,,,,,,,,,,,,,,,,,,,,,,,,,,,,,,,,,,,,,,,,,,,,,,,,,,,,,関連表1_L(車両信頼性)_XQ5.xlsx,,,,,,YES,,,,,,,,,ccm: None,YES,,,,,,,,,ccm: None,,,,,,,,,,,,,,,,,,,,,,,,,,,,1,,,,,,
,MSTR-009-0117300-d0008,,,,,,,,,,,,,,,,,,,,,,,,,,,,,,,,,,,,,,,,,,,,,,,,,,,,,,,,,,,,,,,,,,,,,,,,,,,,,,,,,,,,,,,,,,,,,,,,,関連表1_L(車両信頼性)_XQ5.xlsx,,,,,,YES,,,,,,,,,ccm: None,YES,,,,,,,,,ccm: None,,,,,,,,,,,,,,,1,,,,,,,,,,,,,,,,,,,
,MSTR-009-0117300-d0009,,,,,,,,,,,,,,,,,,,,,,,,,,,,,,,,,,,,,,,,,,,,,,,,,,,,,,,,,,,,,,,,,,,,,,,,,,,,,,,,,,,,,,,,,,,,,,,,,関連表1_L(車両信頼性)_XQ5.xlsx,,,,,,YES,,,,,,,,,ccm: None,YES,,,,,,,,,ccm: None,,,,,,,,,,,,,,,,1,,,,,,,,,,,,,,,,,,
,MSTR-009-0117400,,,,,,,,,,,,,,,,,,,,,,,,,,,,,,,,,,,,,,,,,,,,,,,,,,,,,,,,,,,,,,,,,,,,,,,,,,,,,,,,,,,,,,,,,,,,,,,,,関連表1_L(車両信頼性)_XQ5.xlsx,,,,,,YES,,,,,,,,,ccm: None,YES,,,,,,,,,ccm: None,,,,,,,,,,,,,1,,,,,,,,,,,,,,,,,,,,,
,MSTR-009-0117400-d0001,,,,,,,,,,,,,,,,,,,,,,,,,,,,,,,,,,,,,,,,,,,,,,,,,,,,,,,,,,,,,,,,,,,,,,,,,,,,,,,,,,,,,,,,,,,,,,,,,関連表1_L(車両信頼性)_XQ5.xlsx,,,,,,YES,,,,,,,,,ccm: None,YES,,,,,,,,,ccm: None,,,,,,,,,,,,,,,1,,,,,,,,,1,,,,,,,,,,
,MSTR-009-0117400-d00010,,,,,,,,,,,,,,,,,,,,,,,,,,,,,,,,,,,,,,,,,,,,,,,,,,,,,,,,,,,,,,,,,,,,,,,,,,,,,,,,,,,,,,,,,,,,,,,,,関連表1_L(車両信頼性)_XQ5.xlsx,,,,,,YES,,,,,,,,,ccm: None,YES,,,,,,,,,ccm: None,,,,,,,,,,,,,,,,,1,,,,,,,,,,,,,,,,,
,MSTR-009-0117400-d0002,,,,,,,,,,,,,,,,,,,,,,,,,,,,,,,,,,,,,,,,,,,,,,,,,,,,,,,,,,,,,,,,,,,,,,,,,,,,,,,,,,,,,,,,,,,,,,,,,関連表1_L(車両信頼性)_XQ5.xlsx,,,,,,YES,,,,,,,,,ccm: None,YES,,,,,,,,,ccm: None,,,,,,,,,,,,,,,,,,,,,,,,,,1,,,,,,,,
,MSTR-009-0117400-d0003,,,,,,,,,,,,,,,,,,,,,,,,,,,,,,,,,,,,,,,,,,,,,,,,,,,,,,,,,,,,,,,,,,,,,,,,,,,,,,,,,,,,,,,,,,,,,,,,,関連表1_L(車両信頼性)_XQ5.xlsx,,,,,,YES,,,,,,,,,ccm: None,YES,,,,,,,,,ccm: None,,,,,,,,,,,,,,,,,,,,,,,,,,,,1,,,,,,
,MSTR-009-0117400-d0004,,,,,,,,,,,,,,,,,,,,,,,,,,,,,,,,,,,,,,,,,,,,,,,,,,,,,,,,,,,,,,,,,,,,,,,,,,,,,,,,,,,,,,,,,,,,,,,,,関連表1_L(車両信頼性)_XQ5.xlsx,,,,,,YES,,,,,,,,,ccm: None,YES,,,,,,,,,ccm: None,,,,,,,,,,,,,,,,,,,,,,,,,,,,,1,,,,,
,MSTR-009-0117400-d0005,,,,,,,,,,,,,,,,,,,,,,,,,,,,,,,,,,,,,,,,,,,,,,,,,,,,,,,,,,,,,,,,,,,,,,,,,,,,,,,,,,,,,,,,,,,,,,,,,関連表1_L(車両信頼性)_XQ5.xlsx,,,,,,YES,,,,,,,,,ccm: None,YES,,,,,,,,,ccm: None,,,,,,,,,,,,,,,,,,,,,,,,,,,,,,,,1,,
,MSTR-009-0117400-d0006,,,,,,,,,,,,,,,,,,,,,,,,,,,,,,,,,,,,,,,,,,,,,,,,,,,,,,,,,,,,,,,,,,,,,,,,,,,,,,,,,,,,,,,,,,,,,,,,,関連表1_L(車両信頼性)_XQ5.xlsx,,,,,,YES,,,,,,,,,ccm: None,YES,,,,,,,,,ccm: None,,,,,,,,,,,,,,,,,,,,,,,,,,,1,,,,,,,
,MSTR-009-0117400-d0007,,,,,,,,,,,,,,,,,,,,,,,,,,,,,,,,,,,,,,,,,,,,,,,,,,,,,,,,,,,,,,,,,,,,,,,,,,,,,,,,,,,,,,,,,,,,,,,,,関連表1_L(車両信頼性)_XQ5.xlsx,,,,,,YES,,,,,,,,,ccm: None,YES,,,,,,,,,ccm: None,,,,,,,,,,,,,,,,,,,,,,,,,,,,1,,,,,,
,MSTR-009-0117400-d0008,,,,,,,,,,,,,,,,,,,,,,,,,,,,,,,,,,,,,,,,,,,,,,,,,,,,,,,,,,,,,,,,,,,,,,,,,,,,,,,,,,,,,,,,,,,,,,,,,関連表1_L(車両信頼性)_XQ5.xlsx,,,,,,YES,,,,,,,,,ccm: None,YES,,,,,,,,,ccm: None,,,,,,,,,,,,,,,1,,,,,,,,,,,,,,,,,,,
,MSTR-009-0117400-d0009,,,,,,,,,,,,,,,,,,,,,,,,,,,,,,,,,,,,,,,,,,,,,,,,,,,,,,,,,,,,,,,,,,,,,,,,,,,,,,,,,,,,,,,,,,,,,,,,,関連表1_L(車両信頼性)_XQ5.xlsx,,,,,,YES,,,,,,,,,ccm: None,YES,,,,,,,,,ccm: None,,,,,,,,,,,,,,,,1,,,,,,,,,,,,,,,,,,
,MSTR-009-0117500,,,,,,,,,,,,,,,,,,,,,,,,,,,,,,,,,,,,,,,,,,,,,,,,,,,,,,,,,,,,,,,,,,,,,,,,,,,,,,,,,,,,,,,,,,,,,,,,,関連表1_L(車両信頼性)_XQ5.xlsx,,,,,,YES,,,,,,,,,ccm: None,YES,,,,,,,,,ccm: None,,,,,,,,,,,,,1,,,,,,,,,,,,,,,,,,,,,
,MSTR-009-0117500-d0001,,,,,,,,,,,,,,,,,,,,,,,,,,,,,,,,,,,,,,,,,,,,,,,,,,,,,,,,,,,,,,,,,,,,,,,,,,,,,,,,,,,,,,,,,,,,,,,,,関連表1_L(車両信頼性)_XQ5.xlsx,,,,,,YES,,,,,,,,,ccm: None,YES,,,,,,,,,ccm: None,,,,,,,,,,,,,,,1,,,,,,,,,1,,,,,,,,,,
,MSTR-009-0117500-d00010,,,,,,,,,,,,,,,,,,,,,,,,,,,,,,,,,,,,,,,,,,,,,,,,,,,,,,,,,,,,,,,,,,,,,,,,,,,,,,,,,,,,,,,,,,,,,,,,,関連表1_L(車両信頼性)_XQ5.xlsx,,,,,,YES,,,,,,,,,ccm: None,YES,,,,,,,,,ccm: None,,,,,,,,,,,,,,,,,1,,,,,,,,,,,,,,,,,
,MSTR-009-0117500-d0002,,,,,,,,,,,,,,,,,,,,,,,,,,,,,,,,,,,,,,,,,,,,,,,,,,,,,,,,,,,,,,,,,,,,,,,,,,,,,,,,,,,,,,,,,,,,,,,,,関連表1_L(車両信頼性)_XQ5.xlsx,,,,,,YES,,,,,,,,,ccm: None,YES,,,,,,,,,ccm: None,,,,,,,,,,,,,,,,,,,,,,,,,,1,,,,,,,,
,MSTR-009-0117500-d0003,,,,,,,,,,,,,,,,,,,,,,,,,,,,,,,,,,,,,,,,,,,,,,,,,,,,,,,,,,,,,,,,,,,,,,,,,,,,,,,,,,,,,,,,,,,,,,,,,関連表1_L(車両信頼性)_XQ5.xlsx,,,,,,YES,,,,,,,,,ccm: None,YES,,,,,,,,,ccm: None,,,,,,,,,,,,,,,,,,,,,,,,,,,,1,,,,,,
,MSTR-009-0117500-d0004,,,,,,,,,,,,,,,,,,,,,,,,,,,,,,,,,,,,,,,,,,,,,,,,,,,,,,,,,,,,,,,,,,,,,,,,,,,,,,,,,,,,,,,,,,,,,,,,,関連表1_L(車両信頼性)_XQ5.xlsx,,,,,,YES,,,,,,,,,ccm: None,YES,,,,,,,,,ccm: None,,,,,,,,,,,,,,,,,,,,,,,,,,,,,1,,,,,
,MSTR-009-0117500-d0005,,,,,,,,,,,,,,,,,,,,,,,,,,,,,,,,,,,,,,,,,,,,,,,,,,,,,,,,,,,,,,,,,,,,,,,,,,,,,,,,,,,,,,,,,,,,,,,,,関連表1_L(車両信頼性)_XQ5.xlsx,,,,,,YES,,,,,,,,,ccm: None,YES,,,,,,,,,ccm: None,,,,,,,,,,,,,,,,,,,,,,,,,,,,,,,,1,,
,MSTR-009-0117500-d0006,,,,,,,,,,,,,,,,,,,,,,,,,,,,,,,,,,,,,,,,,,,,,,,,,,,,,,,,,,,,,,,,,,,,,,,,,,,,,,,,,,,,,,,,,,,,,,,,,関連表1_L(車両信頼性)_XQ5.xlsx,,,,,,YES,,,,,,,,,ccm: None,YES,,,,,,,,,ccm: None,,,,,,,,,,,,,,,,,,,,,,,,,,,1,,,,,,,
,MSTR-009-0117500-d0007,,,,,,,,,,,,,,,,,,,,,,,,,,,,,,,,,,,,,,,,,,,,,,,,,,,,,,,,,,,,,,,,,,,,,,,,,,,,,,,,,,,,,,,,,,,,,,,,,関連表1_L(車両信頼性)_XQ5.xlsx,,,,,,YES,,,,,,,,,ccm: None,YES,,,,,,,,,ccm: None,,,,,,,,,,,,,,,,,,,,,,,,,,,,1,,,,,,
,MSTR-009-0117500-d0008,,,,,,,,,,,,,,,,,,,,,,,,,,,,,,,,,,,,,,,,,,,,,,,,,,,,,,,,,,,,,,,,,,,,,,,,,,,,,,,,,,,,,,,,,,,,,,,,,関連表1_L(車両信頼性)_XQ5.xlsx,,,,,,YES,,,,,,,,,ccm: None,YES,,,,,,,,,ccm: None,,,,,,,,,,,,,,,1,,,,,,,,,,,,,,,,,,,
,MSTR-009-0117500-d0009,,,,,,,,,,,,,,,,,,,,,,,,,,,,,,,,,,,,,,,,,,,,,,,,,,,,,,,,,,,,,,,,,,,,,,,,,,,,,,,,,,,,,,,,,,,,,,,,,関連表1_L(車両信頼性)_XQ5.xlsx,,,,,,YES,,,,,,,,,ccm: None,YES,,,,,,,,,ccm: None,,,,,,,,,,,,,,,,1,,,,,,,,,,,,,,,,,,
,MSTR-009-0117600,,,,,,,,,,,,,,,,,,,,,,,,,,,,,,,,,,,,,,,,,,,,,,,,,,,,,,,,,,,,,,,,,,,,,,,,,,,,,,,,,,,,,,,,,,,,,,,,,関連表1_L(車両信頼性)_XQ5.xlsx,,,,,,YES,,,,,,,,,ccm: None,YES,,,,,,,,,ccm: None,,,,,,,,,,,,,1,,,,,,,,,,,,,,,,,,,,,
,MSTR-009-0117600-d0001,,,,,,,,,,,,,,,,,,,,,,,,,,,,,,,,,,,,,,,,,,,,,,,,,,,,,,,,,,,,,,,,,,,,,,,,,,,,,,,,,,,,,,,,,,,,,,,,,関連表1_L(車両信頼性)_XQ5.xlsx,,,,,,YES,,,,,,,,,ccm: None,YES,,,,,,,,,ccm: None,,,,,,,,,,,,,,,1,,,,,,,,,1,,,,,,,,,,
,MSTR-009-0117600-d00010,,,,,,,,,,,,,,,,,,,,,,,,,,,,,,,,,,,,,,,,,,,,,,,,,,,,,,,,,,,,,,,,,,,,,,,,,,,,,,,,,,,,,,,,,,,,,,,,,関連表1_L(車両信頼性)_XQ5.xlsx,,,,,,YES,,,,,,,,,ccm: None,YES,,,,,,,,,ccm: None,,,,,,,,,,,,,,,,,1,,,,,,,,,,,,,,,,,
,MSTR-009-0117600-d0002,,,,,,,,,,,,,,,,,,,,,,,,,,,,,,,,,,,,,,,,,,,,,,,,,,,,,,,,,,,,,,,,,,,,,,,,,,,,,,,,,,,,,,,,,,,,,,,,,関連表1_L(車両信頼性)_XQ5.xlsx,,,,,,YES,,,,,,,,,ccm: None,YES,,,,,,,,,ccm: None,,,,,,,,,,,,,,,,,,,,,,,,,1,,,,,,,,,
,MSTR-009-0117600-d0003,,,,,,,,,,,,,,,,,,,,,,,,,,,,,,,,,,,,,,,,,,,,,,,,,,,,,,,,,,,,,,,,,,,,,,,,,,,,,,,,,,,,,,,,,,,,,,,,,関連表1_L(車両信頼性)_XQ5.xlsx,,,,,,YES,,,,,,,,,ccm: None,YES,,,,,,,,,ccm: None,,,,,,,,,,,,,,,,,,,,,,,,,,,1,,,,,,,
,MSTR-009-0117600-d0004,,,,,,,,,,,,,,,,,,,,,,,,,,,,,,,,,,,,,,,,,,,,,,,,,,,,,,,,,,,,,,,,,,,,,,,,,,,,,,,,,,,,,,,,,,,,,,,,,関連表1_L(車両信頼性)_XQ5.xlsx,,,,,,YES,,,,,,,,,ccm: None,YES,,,,,,,,,ccm: None,,,,,,,,,,,,,,,,,,,,,,,,,,,,,,1,,,,
,MSTR-009-0117600-d0005,,,,,,,,,,,,,,,,,,,,,,,,,,,,,,,,,,,,,,,,,,,,,,,,,,,,,,,,,,,,,,,,,,,,,,,,,,,,,,,,,,,,,,,,,,,,,,,,,関連表1_L(車両信頼性)_XQ5.xlsx,,,,,,YES,,,,,,,,,ccm: None,YES,,,,,,,,,ccm: None,,,,,,,,,,,,,,,,,,,,,,,,,,,,,,,1,,,
,MSTR-009-0117600-d0006,,,,,,,,,,,,,,,,,,,,,,,,,,,,,,,,,,,,,,,,,,,,,,,,,,,,,,,,,,,,,,,,,,,,,,,,,,,,,,,,,,,,,,,,,,,,,,,,,関連表1_L(車両信頼性)_XQ5.xlsx,,,,,,YES,,,,,,,,,ccm: None,YES,,,,,,,,,ccm: None,,,,,,,,,,,,,,,,,,,,,,,,,,,1,,,,,,,
,MSTR-009-0117600-d0007,,,,,,,,,,,,,,,,,,,,,,,,,,,,,,,,,,,,,,,,,,,,,,,,,,,,,,,,,,,,,,,,,,,,,,,,,,,,,,,,,,,,,,,,,,,,,,,,,関連表1_L(車両信頼性)_XQ5.xlsx,,,,,,YES,,,,,,,,,ccm: None,YES,,,,,,,,,ccm: None,,,,,,,,,,,,,,,,,,,,,,,,,,,,1,,,,,,
,MSTR-009-0117600-d0008,,,,,,,,,,,,,,,,,,,,,,,,,,,,,,,,,,,,,,,,,,,,,,,,,,,,,,,,,,,,,,,,,,,,,,,,,,,,,,,,,,,,,,,,,,,,,,,,,関連表1_L(車両信頼性)_XQ5.xlsx,,,,,,YES,,,,,,,,,ccm: None,YES,,,,,,,,,ccm: None,,,,,,,,,,,,,,,1,,,,,,,,,,,,,,,,,,,
,MSTR-009-0117600-d0009,,,,,,,,,,,,,,,,,,,,,,,,,,,,,,,,,,,,,,,,,,,,,,,,,,,,,,,,,,,,,,,,,,,,,,,,,,,,,,,,,,,,,,,,,,,,,,,,,関連表1_L(車両信頼性)_XQ5.xlsx,,,,,,YES,,,,,,,,,ccm: None,YES,,,,,,,,,ccm: None,,,,,,,,,,,,,,,,1,,,,,,,,,,,,,,,,,,
,MSTR-009-0117700,,,,,,,,,,,,,,,,,,,,,,,,,,,,,,,,,,,,,,,,,,,,,,,,,,,,,,,,,,,,,,,,,,,,,,,,,,,,,,,,,,,,,,,,,,,,,,,,,関連表1_L(車両信頼性)_XQ5.xlsx,,,,,,YES,,,,,,,,,"grade: l5, グレード選択: 最上級",YES,,,,,,,,,"grade: l5, グレード選択: 最上級",,,,,,,,,,,,,,,,1,,,,*,,,,*,,,,*,,,,,,
,MSTR-009-0117800,,,,,,,,,,,,,,,,,,,,,,,,,,,,,,,,,,,,,,,,,,,,,,,,,,,,,,,,,,,,,,,,,,,,,,,,,,,,,,,,,,,,,,,,,,,,,,,,,関連表1_L(車両信頼性)_XQ5.xlsx,,,,,,YES,,,,,,,,,"grade: l5, グレード選択: 最上級",YES,,,,,,,,,"grade: l5, グレード選択: 最上級",,,,,,,,,,,,,,,,1,,,,*,,,,*,,,,*,,,,,,
,MSTR-009-0117900,,,,,,,,,,,,,,,,,,,,,,,,,,,,,,,,,,,,,,,,,,,,,,,,,,,,,,,,,,,,,,,,,,,,,,,,,,,,,,,,,,,,,,,,,,,,,,,,,関連表1_L(車両信頼性)_XQ5.xlsx,,,,,,YES,,,,,,,,,"grade: l5, グレード選択: 最上級",YES,,,,,,,,,"grade: l5, グレード選択: 最上級",,,,,,,,,,,,,,,,1,,,,*,,,,*,,,,*,,,,,,
,MSTR-009-0118000,,,,,,,,,,,,,,,,,,,,,,,,,,,,,,,,,,,,,,,,,,,,,,,,,,,,,,,,,,,,,,,,,,,,,,,,,,,,,,,,,,,,,,,,,,,,,,,,,関連表1_L(車両信頼性)_XQ5.xlsx,,,,,,YES,,,,,,,,,"grade: l5, グレード選択: 最上級",YES,,,,,,,,,"grade: l5, グレード選択: 最上級",,,,,,,,,,,,,,,,1,,,,*,,,,*,,,,*,,,,,,
,MSTR-009-0118100,,,,,,,,,,,,,,,,,,,,,,,,,,,,,,,,,,,,,,,,,,,,,,,,,,,,,,,,,,,,,,,,,,,,,,,,,,,,,,,,,,,,,,,,,,,,,,,,,関連表1_L(車両信頼性)_XQ5.xlsx,,,,,,YES,,,,,,,,,"grade: l5, グレード選択: 最上級",YES,,,,,,,,,"grade: l5, グレード選択: 最上級",,,,,,,,,,,,,,,,1,,,,*,,,,*,,,,*,,,,,,
,MSTR-009-0118200,,,,,,,,,,,,,,,,,,,,,,,,,,,,,,,,,,,,,,,,,,,,,,,,,,,,,,,,,,,,,,,,,,,,,,,,,,,,,,,,,,,,,,,,,,,,,,,,,関連表1_L(車両信頼性)_XQ5.xlsx,,,,,,YES,,,,,,,,,"grade: l5, グレード選択: 最上級",YES,,,,,,,,,"grade: l5, グレード選択: 最上級",,,,,,,,,,,,,,,,1,,,,*,,,,*,,,,*,,,,,,
,MSTR-009-0118300,,,,,,,,,,,,,,,,,,,,,,,,,,,,,,,,,,,,,,,,,,,,,,,,,,,,,,,,,,,,,,,,,,,,,,,,,,,,,,,,,,,,,,,,,,,,,,,,,関連表1_L(車両信頼性)_XQ5.xlsx,,,,,,YES,,,,,,,,,"grade: l5, グレード選択: 最上級",YES,,,,,,,,,"grade: l5, グレード選択: 最上級",,,,,,,,,,,,,,,,1,,,,*,,,,*,,,,*,,,,,,
,MSTR-009-0118400,,,,,,,,,,,,,,,,,,,,,,,,,,,,,,,,,,,,,,,,,,,,,,,,,,,,,,,,,,,,,,,,,,,,,,,,,,,,,,,,,,,,,,,,,,,,,,,,,関連表1_L(車両信頼性)_XQ5.xlsx,,,,,,YES,,,,,,,,,"grade: l5, グレード選択: 最上級",YES,,,,,,,,,"grade: l5, グレード選択: 最上級",,,,,,,,,,,,,,,,1,,,,*,,,,*,,,,*,,,,,,
,MSTR-009-0118500,,,,,,,,,,,,,,,,,,,,,,,,,,,,,,,,,,,,,,,,,,,,,,,,,,,,,,,,,,,,,,,,,,,,,,,,,,,,,,,,,,,,,,,,,,,,,,,,,関連表1_L(車両信頼性)_XQ5.xlsx,,,,,,YES,,,,,,,,,"grade: l5, グレード選択: 最上級",YES,,,,,,,,,"grade: l5, グレード選択: 最上級",,,,,,,,,,,,,,,,1,,,,*,,,,*,,,,*,,,,,,
,MSTR-009-0118600,,,,,,,,,,,,,,,,,,,,,,,,,,,,,,,,,,,,,,,,,,,,,,,,,,,,,,,,,,,,,,,,,,,,,,,,,,,,,,,,,,,,,,,,,,,,,,,,,関連表1_L(車両信頼性)_XQ5.xlsx,,,,,,YES,,,,,,,,,"grade: l5, グレード選択: 最上級",YES,,,,,,,,,"grade: l5, グレード選択: 最上級",,,,,,,,,,,,,,,,1,,,,*,,,,*,,,,*,,,,,,
,MSTR-009-0156800,,,,,,,,,,,,,,,,,,,,,,,,,,,,,,,,,,,,,,,,,,,,,,,,,,,,,,,,,,,,,,,,,,,,,,,,,,,,,,,,,,,,,,,,,,,,,,,,,関連表1_L(車両信頼性)_XQ5.xlsx,,,,,,YES,,,,,,,,,"grade: l5, グレード選択: 最上級",YES,,,,,,,,,"grade: l5, グレード選択: 最上級",,,,,,,,,,,,,,,,1,,,,*,,,,*,,,,*,,,,,,
,MSTR-009-0156900,,,,,,,,,,,,,,,,,,,,,,,,,,,,,,,,,,,,,,,,,,,,,,,,,,,,,,,,,,,,,,,,,,,,,,,,,,,,,,,,,,,,,,,,,,,,,,,,,関連表1_L(車両信頼性)_XQ5.xlsx,,,,,,YES,,,,,,,,,"grade: l5, グレード選択: 最上級",YES,,,,,,,,,"grade: l5, グレード選択: 最上級",,,,,,,,,,,,,,,,1,,,,*,,,,*,,,,*,,,,,,
,MSTR-009-0157000,,,,,,,,,,,,,,,,,,,,,,,,,,,,,,,,,,,,,,,,,,,,,,,,,,,,,,,,,,,,,,,,,,,,,,,,,,,,,,,,,,,,,,,,,,,,,,,,,関連表1_L(車両信頼性)_XQ5.xlsx,,,,,,YES,,,,,,,,,"grade: l5, グレード選択: 最上級",YES,,,,,,,,,"grade: l5, グレード選択: 最上級",,,,,,,,,,,,,,,,1,,,,*,,,,*,,,,*,,,,,,
,MSTR-009-0157100,,,,,,,,,,,,,,,,,,,,,,,,,,,,,,,,,,,,,,,,,,,,,,,,,,,,,,,,,,,,,,,,,,,,,,,,,,,,,,,,,,,,,,,,,,,,,,,,,関連表1_L(車両信頼性)_XQ5.xlsx,,,,,,YES,,,,,,,,,"grade: l5, グレード選択: 最上級",YES,,,,,,,,,"grade: l5, グレード選択: 最上級",,,,,,,,,,,,,,,,1,,,,*,,,,*,,,,*,,,,,,
,MSTR-009-0157200,,,,,,,,,,,,,,,,,,,,,,,,,,,,,,,,,,,,,,,,,,,,,,,,,,,,,,,,,,,,,,,,,,,,,,,,,,,,,,,,,,,,,,,,,,,,,,,,,関連表1_L(車両信頼性)_XQ5.xlsx,,,,,,YES,,,,,,,,,"grade: l5, グレード選択: 最上級",YES,,,,,,,,,"grade: l5, グレード選択: 最上級",,,,,,,,,,,,,,,,1,,,,*,,,,*,,,,*,,,,,,
,MSTR-009-0157300,,,,,,,,,,,,,,,,,,,,,,,,,,,,,,,,,,,,,,,,,,,,,,,,,,,,,,,,,,,,,,,,,,,,,,,,,,,,,,,,,,,,,,,,,,,,,,,,,関連表1_L(車両信頼性)_XQ5.xlsx,,,,,,YES,,,,,,,,,"grade: l5, グレード選択: 最上級",YES,,,,,,,,,"grade: l5, グレード選択: 最上級",,,,,,,,,,,,,,,,1,,,,*,,,,*,,,,*,,,,,,
,MSTR-009-0157400,,,,,,,,,,,,,,,,,,,,,,,,,,,,,,,,,,,,,,,,,,,,,,,,,,,,,,,,,,,,,,,,,,,,,,,,,,,,,,,,,,,,,,,,,,,,,,,,,関連表1_L(車両信頼性)_XQ5.xlsx,,,,,,YES,,,,,,,,,"grade: l5, グレード選択: 最上級",YES,,,,,,,,,"grade: l5, グレード選択: 最上級",,,,,,,,,,,,,,,,1,,,,*,,,,*,,,,*,,,,,,
,MSTR-009-0157500,,,,,,,,,,,,,,,,,,,,,,,,,,,,,,,,,,,,,,,,,,,,,,,,,,,,,,,,,,,,,,,,,,,,,,,,,,,,,,,,,,,,,,,,,,,,,,,,,関連表1_L(車両信頼性)_XQ5.xlsx,,,,,,YES,,,,,,,,,"grade: l5, グレード選択: 最上級",YES,,,,,,,,,"grade: l5, グレード選択: 最上級",,,,,,,,,,,,,,,,1,,,,*,,,,*,,,,*,,,,,,
,MSTR-009-0157600,,,,,,,,,,,,,,,,,,,,,,,,,,,,,,,,,,,,,,,,,,,,,,,,,,,,,,,,,,,,,,,,,,,,,,,,,,,,,,,,,,,,,,,,,,,,,,,,,関連表1_L(車両信頼性)_XQ5.xlsx,,,,,,YES,,,,,,,,,"grade: l5, グレード選択: 最上級",YES,,,,,,,,,"grade: l5, グレード選択: 最上級",,,,,,,,,,,,,,,,1,,,,*,,,,*,,,,*,,,,,,
,MSTR-009-0157700,,,,,,,,,,,,,,,,,,,,,,,,,,,,,,,,,,,,,,,,,,,,,,,,,,,,,,,,,,,,,,,,,,,,,,,,,,,,,,,,,,,,,,,,,,,,,,,,,関連表1_L(車両信頼性)_XQ5.xlsx,,,,,,YES,,,,,,,,,"grade: l5, グレード選択: 最上級",YES,,,,,,,,,"grade: l5, グレード選択: 最上級",,,,,,,,,,,,,,,,1,,,,*,,,,*,,,,*,,,,,,
,MSTR-009-0160900,,,,,,,,,,,,,,,,,,,,,,,,,,,,,,,,,,,,,,,,,,,,,,,,,,,,,,,,,,,,,,,,,,,,,,,,,,,,,,,,,,,,,,,,,,,,,,,,,関連表1_L(車両信頼性)_XQ5.xlsx,,,,,,YES,,,,,,,,,"axle: 2wd, engine: 7dq, trans: atm (for ev)",,,,,,,,,,,,,,,,,,,,,,,1,*,*,*,,,,,*,*,*,*,,,,,,,,,,
,MSTR-009-0160900-d0001,,,,,,,,,,,,,,,,,,,,,,,,,,,,,,,,,,,,,,,,,,,,,,,,,,,,,,,,,,,,,,,,,,,,,,,,,,,,,,,,関連表1_L(車両信頼性)_XQ5.xlsx,,,,,,YES,,,,,,,,,,"axle: 2wd, engine: 7dq, trans: atm (for ev)",,,,,,,,,,,,,,,,,,,,,,,,,,,,,,,,,,,,,,,,,,*,,,,,,,,1,,,,,,,,,,
,MSTR-009-0160900-d0002,,,,,,,,,,,,,,,,,,,,,,,,,,,,,,,,,,,,,,,,,,,,,,,,,,,,,,,,,,,,,,,,,,,,,,,,,,,,,,,,,,,,,,,,,,,,,,,,,関連表1_L(車両信頼性)_XQ5.xlsx,,,,,,YES,,,,,,,,,"axle: awd, engine: 7dq, trans: atm (for ev)",,,,,,,,,,,,,,,,,,,,,,,,,,,1,*,*,*,,,,,*,*,*,*,,,,,,
,MSTR-009-0160900-d0003,,,,,,,,,,,,,,,,,,,,,,,,,,,,,,,,,,,,,,,,,,,,,,,,,,,,,,,,,,,,,,,,,,,,,,,,,,,,,,,,関連表1_L(車両信頼性)_XQ5.xlsx,,,,,,YES,,,,,,,,,,"axle: awd, engine: 7dq, trans: atm (for ev)",,,,,,,,,,,,,,,,,,,,,,,,,,,,,,,,,,,,,,,,,,,,,,1,,,,,,,,*,,,,,,
,MSTR-009-0161000,,,,,,,,,,,,,,,,,,,,,,,,,,,,,,,,,,,,,,,,,,,,,,,,,,,,,,,,,,,,,,,,,,,,,,,,,,,,,,,,,,,,,,,,,,,,,,,,,関連表1_L(車両信頼性)_XQ5.xlsx,,,,,,YES,,,,,,,,,"axle: 2wd, engine: 7dq, trans: atm (for ev)",,,,,,,,,,,,,,,,,,,,,,,1,*,*,*,,,,,*,*,*,*,,,,,,,,,,
,MSTR-009-0161000-d0001,,,,,,,,,,,,,,,,,,,,,,,,,,,,,,,,,,,,,,,,,,,,,,,,,,,,,,,,,,,,,,,,,,,,,,,,,,,,,,,,関連表1_L(車両信頼性)_XQ5.xlsx,,,,,,YES,,,,,,,,,,"axle: 2wd, engine: 7dq, trans: atm (for ev)",,,,,,,,,,,,,,,,,,,,,,,,,,,,,,,,,,,,,,,,,,*,,,,,,,,1,,,,,,,,,,
,MSTR-009-0161000-d0002,,,,,,,,,,,,,,,,,,,,,,,,,,,,,,,,,,,,,,,,,,,,,,,,,,,,,,,,,,,,,,,,,,,,,,,,,,,,,,,,関連表1_L(車両信頼性)_XQ5.xlsx,,,,,,YES,,,,,,,,,,"axle: awd, engine: 7dq, trans: atm (for ev)",,,,,,,,,,,,,,,,,,,,,,,,,,,,,,,,,,,,,,,,,,,,,,1,,,,,,,,*,,,,,,
,MSTR-009-0161000-d0003,,,,,,,,,,,,,,,,,,,,,,,,,,,,,,,,,,,,,,,,,,,,,,,,,,,,,,,,,,,,,,,,,,,,,,,,,,,,,,,,,,,,,,,,,,,,,,,,,関連表1_L(車両信頼性)_XQ5.xlsx,,,,,,YES,,,,,,,,,"axle: awd, engine: 7dq, trans: atm (for ev)",,,,,,,,,,,,,,,,,,,,,,,,,,,1,*,*,*,,,,,*,*,*,*,,,,,,
,MSTR-009-0161100,,,,,,,,,,,,,,,,,,,,,,,,,,,,,,,,,,,,,,,,,,,,,,,,,,,,,,,,,,,,,,,,,,,,,,,,,,,,,,,,関連表1_L(車両信頼性)_XQ5.xlsx,,,,,,YES,,,,,,,,,,"axle: 2wd, engine: 7dq, trans: atm (for ev)",,,,,,,,,,,,,,,,,,,,,,,,,,,,,,,,,,,,,,,,,,*,,,,,,,,1,,,,,,,,,,
,MSTR-009-0161100-d0001,,,,,,,,,,,,,,,,,,,,,,,,,,,,,,,,,,,,,,,,,,,,,,,,,,,,,,,,,,,,,,,,,,,,,,,,,,,,,,,,,,,,,,,,,,,,,,,,,関連表1_L(車両信頼性)_XQ5.xlsx,,,,,,YES,,,,,,,,,"axle: 2wd, engine: 7dq, trans: atm (for ev)",,,,,,,,,,,,,,,,,,,,,,,1,*,*,*,,,,,*,*,*,*,,,,,,,,,,
,MSTR-009-0161100-d0002,,,,,,,,,,,,,,,,,,,,,,,,,,,,,,,,,,,,,,,,,,,,,,,,,,,,,,,,,,,,,,,,,,,,,,,,,,,,,,,,,,,,,,,,,,,,,,,,,関連表1_L(車両信頼性)_XQ5.xlsx,,,,,,YES,,,,,,,,,"axle: awd, engine: 7dq, trans: atm (for ev)",,,,,,,,,,,,,,,,,,,,,,,,,,,1,*,*,*,,,,,*,*,*,*,,,,,,
,MSTR-009-0161100-d0003,,,,,,,,,,,,,,,,,,,,,,,,,,,,,,,,,,,,,,,,,,,,,,,,,,,,,,,,,,,,,,,,,,,,,,,,,,,,,,,,関連表1_L(車両信頼性)_XQ5.xlsx,,,,,,YES,,,,,,,,,,"axle: awd, engine: 7dq, trans: atm (for ev)",,,,,,,,,,,,,,,,,,,,,,,,,,,,,,,,,,,,,,,,,,,,,,1,,,,,,,,*,,,,,,
,MSTR-009-0161200,,,,,,,,,,,,,,,,,,,,,,,,,,,,,,,,,,,,,,,,,,,,,,,,,,,,,,,,,,,,,,,,,,,,,,,,,,,,,,,,関連表1_L(車両信頼性)_XQ5.xlsx,,,,,,YES,,,,,,,,,,"axle: 2wd, engine: 7dq, trans: atm (for ev)",,,,,,,,,,,,,,,,,,,,,,,,,,,,,,,,,,,,,,,,,,*,,,,,,,,1,,,,,,,,,,
,MSTR-009-0161200-d0001,,,,,,,,,,,,,,,,,,,,,,,,,,,,,,,,,,,,,,,,,,,,,,,,,,,,,,,,,,,,,,,,,,,,,,,,,,,,,,,,,,,,,,,,,,,,,,,,,関連表1_L(車両信頼性)_XQ5.xlsx,,,,,,YES,,,,,,,,,"axle: 2wd, engine: 7dq, trans: atm (for ev)",,,,,,,,,,,,,,,,,,,,,,,1,*,*,*,,,,,*,*,*,*,,,,,,,,,,
,MSTR-009-0161200-d0002,,,,,,,,,,,,,,,,,,,,,,,,,,,,,,,,,,,,,,,,,,,,,,,,,,,,,,,,,,,,,,,,,,,,,,,,,,,,,,,,,,,,,,,,,,,,,,,,,関連表1_L(車両信頼性)_XQ5.xlsx,,,,,,YES,,,,,,,,,"axle: awd, engine: 7dq, trans: atm (for ev)",,,,,,,,,,,,,,,,,,,,,,,,,,,1,*,*,*,,,,,*,*,*,*,,,,,,
,MSTR-009-0161200-d0003,,,,,,,,,,,,,,,,,,,,,,,,,,,,,,,,,,,,,,,,,,,,,,,,,,,,,,,,,,,,,,,,,,,,,,,,,,,,,,,,関連表1_L(車両信頼性)_XQ5.xlsx,,,,,,YES,,,,,,,,,,"axle: awd, engine: 7dq, trans: atm (for ev)",,,,,,,,,,,,,,,,,,,,,,,,,,,,,,,,,,,,,,,,,,,,,,1,,,,,,,,*,,,,,,
,MSTR-009-0161300,,,,,,,,,,,,,,,,,,,,,,,,,,,,,,,,,,,,,,,,,,,,,,,,,,,,,,,,,,,,,,,,,,,,,,,,,,,,,,,,,,,,,,,,,,,,,,,,,関連表1_L(車両信頼性)_XQ5.xlsx,,,,,,YES,,,,,,,,,"axle: 2wd, engine: 7dq, trans: atm (for ev)",,,,,,,,,,,,,,,,,,,,,,,1,*,*,*,,,,,*,*,*,*,,,,,,,,,,
,MSTR-009-0161300-d0001,,,,,,,,,,,,,,,,,,,,,,,,,,,,,,,,,,,,,,,,,,,,,,,,,,,,,,,,,,,,,,,,,,,,,,,,,,,,,,,,関連表1_L(車両信頼性)_XQ5.xlsx,,,,,,YES,,,,,,,,,,"axle: 2wd, engine: 7dq, trans: atm (for ev)",,,,,,,,,,,,,,,,,,,,,,,,,,,,,,,,,,,,,,,,,,*,,,,,,,,1,,,,,,,,,,
,MSTR-009-0161300-d0002,,,,,,,,,,,,,,,,,,,,,,,,,,,,,,,,,,,,,,,,,,,,,,,,,,,,,,,,,,,,,,,,,,,,,,,,,,,,,,,,関連表1_L(車両信頼性)_XQ5.xlsx,,,,,,YES,,,,,,,,,,"axle: awd, engine: 7dq, trans: atm (for ev)",,,,,,,,,,,,,,,,,,,,,,,,,,,,,,,,,,,,,,,,,,,,,,1,,,,,,,,*,,,,,,
,MSTR-009-0161300-d0003,,,,,,,,,,,,,,,,,,,,,,,,,,,,,,,,,,,,,,,,,,,,,,,,,,,,,,,,,,,,,,,,,,,,,,,,,,,,,,,,,,,,,,,,,,,,,,,,,関連表1_L(車両信頼性)_XQ5.xlsx,,,,,,YES,,,,,,,,,"axle: awd, engine: 7dq, trans: atm (for ev)",,,,,,,,,,,,,,,,,,,,,,,,,,,1,*,*,*,,,,,*,*,*,*,,,,,,
,MSTR-009-0161400,,,,,,,,,,,,,,,,,,,,,,,,,,,,,,,,,,,,,,,,,,,,,,,,,,,,,,,,,,,,,,,,,,,,,,,,,,,,,,,,,,,,,,,,,,,,,,,,,関連表1_L(車両信頼性)_XQ5.xlsx,,,,,,YES,,,,,,,,,"axle: 2wd, engine: 7dq, trans: atm (for ev)",,,,,,,,,,,,,,,,,,,,,,,1,*,*,*,,,,,*,*,*,*,,,,,,,,,,
,MSTR-009-0161400-d0001,,,,,,,,,,,,,,,,,,,,,,,,,,,,,,,,,,,,,,,,,,,,,,,,,,,,,,,,,,,,,,,,,,,,,,,,,,,,,,,,関連表1_L(車両信頼性)_XQ5.xlsx,,,,,,YES,,,,,,,,,,"axle: 2wd, engine: 7dq, trans: atm (for ev)",,,,,,,,,,,,,,,,,,,,,,,,,,,,,,,,,,,,,,,,,,*,,,,,,,,1,,,,,,,,,,
,MSTR-009-0161400-d0002,,,,,,,,,,,,,,,,,,,,,,,,,,,,,,,,,,,,,,,,,,,,,,,,,,,,,,,,,,,,,,,,,,,,,,,,,,,,,,,,関連表1_L(車両信頼性)_XQ5.xlsx,,,,,,YES,,,,,,,,,,"axle: awd, engine: 7dq, trans: atm (for ev)",,,,,,,,,,,,,,,,,,,,,,,,,,,,,,,,,,,,,,,,,,,,,,1,,,,,,,,*,,,,,,
,MSTR-009-0161400-d0003,,,,,,,,,,,,,,,,,,,,,,,,,,,,,,,,,,,,,,,,,,,,,,,,,,,,,,,,,,,,,,,,,,,,,,,,,,,,,,,,,,,,,,,,,,,,,,,,,関連表1_L(車両信頼性)_XQ5.xlsx,,,,,,YES,,,,,,,,,"axle: awd, engine: 7dq, trans: atm (for ev)",,,,,,,,,,,,,,,,,,,,,,,,,,,1,*,*,*,,,,,*,*,*,*,,,,,,
,MSTR-009-0161500,,,,,,,,,,,,,,,,,,,,,,,,,,,,,,,,,,,,,,,,,,,,,,,,,,,,,,,,,,,,,,,,,,,,,,,,,,,,,,,,,,,,,,,,,,,,,,,,,関連表1_L(車両信頼性)_XQ5.xlsx,,,,,,YES,,,,,,,,,"axle: 2wd, engine: 7dq, trans: atm (for ev)",,,,,,,,,,,,,,,,,,,,,,,1,*,*,*,,,,,*,*,*,*,,,,,,,,,,
,MSTR-009-0161500-d0001,,,,,,,,,,,,,,,,,,,,,,,,,,,,,,,,,,,,,,,,,,,,,,,,,,,,,,,,,,,,,,,,,,,,,,,,,,,,,,,,関連表1_L(車両信頼性)_XQ5.xlsx,,,,,,YES,,,,,,,,,,"axle: 2wd, engine: 7dq, trans: atm (for ev)",,,,,,,,,,,,,,,,,,,,,,,,,,,,,,,,,,,,,,,,,,*,,,,,,,,1,,,,,,,,,,
,MSTR-009-0161500-d0002,,,,,,,,,,,,,,,,,,,,,,,,,,,,,,,,,,,,,,,,,,,,,,,,,,,,,,,,,,,,,,,,,,,,,,,,,,,,,,,,関連表1_L(車両信頼性)_XQ5.xlsx,,,,,,YES,,,,,,,,,,"axle: awd, engine: 7dq, trans: atm (for ev)",,,,,,,,,,,,,,,,,,,,,,,,,,,,,,,,,,,,,,,,,,,,,,1,,,,,,,,*,,,,,,
,MSTR-009-0161500-d0003,,,,,,,,,,,,,,,,,,,,,,,,,,,,,,,,,,,,,,,,,,,,,,,,,,,,,,,,,,,,,,,,,,,,,,,,,,,,,,,,,,,,,,,,,,,,,,,,,関連表1_L(車両信頼性)_XQ5.xlsx,,,,,,YES,,,,,,,,,"axle: awd, engine: 7dq, trans: atm (for ev)",,,,,,,,,,,,,,,,,,,,,,,,,,,1,*,*,*,,,,,*,*,*,*,,,,,,
,MSTR-009-0161600,,,,,,,,,,,,,,,,,,,,,,,,,,,,,,,,,,,,,,,,,,,,,,,,,,,,,,,,,,,,,,,,,,,,,,,,,,,,,,,,,,,,,,,,,,,,,,,,,関連表1_L(車両信頼性)_XQ5.xlsx,,,,,,YES,,,,,,,,,"axle: 2wd, engine: 7dq, trans: atm (for ev)",,,,,,,,,,,,,,,,,,,,,,,1,*,*,*,,,,,*,*,*,*,,,,,,,,,,
,MSTR-009-0161600-d0001,,,,,,,,,,,,,,,,,,,,,,,,,,,,,,,,,,,,,,,,,,,,,,,,,,,,,,,,,,,,,,,,,,,,,,,,,,,,,,,,関連表1_L(車両信頼性)_XQ5.xlsx,,,,,,YES,,,,,,,,,,"axle: 2wd, engine: 7dq, trans: atm (for ev)",,,,,,,,,,,,,,,,,,,,,,,,,,,,,,,,,,,,,,,,,,*,,,,,,,,1,,,,,,,,,,
,MSTR-009-0161600-d0002,,,,,,,,,,,,,,,,,,,,,,,,,,,,,,,,,,,,,,,,,,,,,,,,,,,,,,,,,,,,,,,,,,,,,,,,,,,,,,,,関連表1_L(車両信頼性)_XQ5.xlsx,,,,,,YES,,,,,,,,,,"axle: awd, engine: 7dq, trans: atm (for ev)",,,,,,,,,,,,,,,,,,,,,,,,,,,,,,,,,,,,,,,,,,,,,,1,,,,,,,,*,,,,,,
,MSTR-009-0161600-d0003,,,,,,,,,,,,,,,,,,,,,,,,,,,,,,,,,,,,,,,,,,,,,,,,,,,,,,,,,,,,,,,,,,,,,,,,,,,,,,,,,,,,,,,,,,,,,,,,,関連表1_L(車両信頼性)_XQ5.xlsx,,,,,,YES,,,,,,,,,"axle: awd, engine: 7dq, trans: atm (for ev)",,,,,,,,,,,,,,,,,,,,,,,,,,,1,*,*,*,,,,,*,*,*,*,,,,,,
,MSTR-009-0161700,,,,,,,,,,,,,,,,,,,,,,,,,,,,,,,,,,,,,,,,,,,,,,,,,,,,,,,,,,,,,,,,,,,,,,,,,,,,,,,,,,,,,,,,,,,,,,,,,関連表1_L(車両信頼性)_XQ5.xlsx,,,,,,YES,,,,,,,,,"axle: 2wd, engine: 7dq, trans: atm (for ev)",,,,,,,,,,,,,,,,,,,,,,,1,*,*,*,,,,,*,*,*,*,,,,,,,,,,
,MSTR-009-0161700-d0001,,,,,,,,,,,,,,,,,,,,,,,,,,,,,,,,,,,,,,,,,,,,,,,,,,,,,,,,,,,,,,,,,,,,,,,,,,,,,,,,関連表1_L(車両信頼性)_XQ5.xlsx,,,,,,YES,,,,,,,,,,"axle: 2wd, engine: 7dq, trans: atm (for ev)",,,,,,,,,,,,,,,,,,,,,,,,,,,,,,,,,,,,,,,,,,*,,,,,,,,1,,,,,,,,,,
,MSTR-009-0161700-d0002,,,,,,,,,,,,,,,,,,,,,,,,,,,,,,,,,,,,,,,,,,,,,,,,,,,,,,,,,,,,,,,,,,,,,,,,,,,,,,,,,,,,,,,,,,,,,,,,,関連表1_L(車両信頼性)_XQ5.xlsx,,,,,,YES,,,,,,,,,"axle: awd, engine: 7dq, trans: atm (for ev)",,,,,,,,,,,,,,,,,,,,,,,,,,,1,*,*,*,,,,,*,*,*,*,,,,,,
,MSTR-009-0161700-d0003,,,,,,,,,,,,,,,,,,,,,,,,,,,,,,,,,,,,,,,,,,,,,,,,,,,,,,,,,,,,,,,,,,,,,,,,,,,,,,,,関連表1_L(車両信頼性)_XQ5.xlsx,,,,,,YES,,,,,,,,,,"axle: awd, engine: 7dq, trans: atm (for ev)",,,,,,,,,,,,,,,,,,,,,,,,,,,,,,,,,,,,,,,,,,,,,,1,,,,,,,,*,,,,,,
,MSTR-009-0161800,,,,,,,,,,,,,,,,,,,,,,,,,,,,,,,,,,,,,,,,,,,,,,,,,,,,,,,,,,,,,,,,,,,,,,,,,,,,,,,,,,,,,,,,,,,,,,,,,関連表1_L(車両信頼性)_XQ5.xlsx,,,,,,YES,,,,,,,,,"axle: 2wd, engine: 7dq, trans: atm (for ev)",,,,,,,,,,,,,,,,,,,,,,,1,*,*,*,,,,,*,*,*,*,,,,,,,,,,
,MSTR-009-0161800-d0001,,,,,,,,,,,,,,,,,,,,,,,,,,,,,,,,,,,,,,,,,,,,,,,,,,,,,,,,,,,,,,,,,,,,,,,,,,,,,,,,関連表1_L(車両信頼性)_XQ5.xlsx,,,,,,YES,,,,,,,,,,"axle: 2wd, engine: 7dq, trans: atm (for ev)",,,,,,,,,,,,,,,,,,,,,,,,,,,,,,,,,,,,,,,,,,*,,,,,,,,1,,,,,,,,,,
,MSTR-009-0161800-d0002,,,,,,,,,,,,,,,,,,,,,,,,,,,,,,,,,,,,,,,,,,,,,,,,,,,,,,,,,,,,,,,,,,,,,,,,,,,,,,,,,,,,,,,,,,,,,,,,,関連表1_L(車両信頼性)_XQ5.xlsx,,,,,,YES,,,,,,,,,"axle: awd, engine: 7dq, trans: atm (for ev)",,,,,,,,,,,,,,,,,,,,,,,,,,,1,*,*,*,,,,,*,*,*,*,,,,,,
,MSTR-009-0161800-d0003,,,,,,,,,,,,,,,,,,,,,,,,,,,,,,,,,,,,,,,,,,,,,,,,,,,,,,,,,,,,,,,,,,,,,,,,,,,,,,,,関連表1_L(車両信頼性)_XQ5.xlsx,,,,,,YES,,,,,,,,,,"axle: awd, engine: 7dq, trans: atm (for ev)",,,,,,,,,,,,,,,,,,,,,,,,,,,,,,,,,,,,,,,,,,,,,,1,,,,,,,,*,,,,,,
,MSTR-009-0191000,,,,,,,,,,,,,,,,,,,,,,,,,,,,,,,,,,,,,,,,,,,,,,,,,,,,,,,,,,,,,,,,,,,,,,,,,,,,,,,,,,,,,,,,,,,,,,,,,関連表1_L(車両信頼性)_XQ5.xlsx,,,,,,YES,,,,,,,,,ccm: None,,,,,,,,,,,,,,,,,,,,,,,1,,,,,,,,,,,,,,,,,,,,,
,MSTR-009-0191000-d0001,,,,,,,,,,,,,,,,,,,,,,,,,,,,,,,,,,,,,,,,,,,,,,,,,,,,,,,,,,,,,,,,,,,,,,,,,,,,,,,,,,,,,,,,,,,,,,,,,関連表1_L(車両信頼性)_XQ5.xlsx,,,,,,YES,,,,,,,,,ccm: None,,,,,,,,,,,,,,,,,,,,,,,,,1,,,,,,,,,1,,,,,,,,,,
,MSTR-009-0191000-d00010,,,,,,,,,,,,,,,,,,,,,,,,,,,,,,,,,,,,,,,,,,,,,,,,,,,,,,,,,,,,,,,,,,,,,,,,,,,,,,,,,,,,,,,,,,,,,,,,,関連表1_L(車両信頼性)_XQ5.xlsx,,,,,,YES,,,,,,,,,ccm: None,,,,,,,,,,,,,,,,,,,,,,,,,,,1,,,,,,,,,,,,,,,,,
,MSTR-009-0191000-d0002,,,,,,,,,,,,,,,,,,,,,,,,,,,,,,,,,,,,,,,,,,,,,,,,,,,,,,,,,,,,,,,,,,,,,,,,,,,,,,,,,,,,,,,,,,,,,,,,,関連表1_L(車両信頼性)_XQ5.xlsx,,,,,,YES,,,,,,,,,ccm: None,,,,,,,,,,,,,,,,,,,,,,,,,,,,,,,,,,,,1,,,,,,,,
,MSTR-009-0191000-d0003,,,,,,,,,,,,,,,,,,,,,,,,,,,,,,,,,,,,,,,,,,,,,,,,,,,,,,,,,,,,,,,,,,,,,,,,,,,,,,,,,,,,,,,,,,,,,,,,,関連表1_L(車両信頼性)_XQ5.xlsx,,,,,,YES,,,,,,,,,ccm: None,,,,,,,,,,,,,,,,,,,,,,,,,,,,,,,,,,,,,1,,,,,,,
,MSTR-009-0191000-d0004,,,,,,,,,,,,,,,,,,,,,,,,,,,,,,,,,,,,,,,,,,,,,,,,,,,,,,,,,,,,,,,,,,,,,,,,,,,,,,,,,,,,,,,,,,,,,,,,,関連表1_L(車両信頼性)_XQ5.xlsx,,,,,,YES,,,,,,,,,ccm: None,,,,,,,,,,,,,,,,,,,,,,,,,,,,,,,,,,,,,,,,1,,,,
,MSTR-009-0191000-d0005,,,,,,,,,,,,,,,,,,,,,,,,,,,,,,,,,,,,,,,,,,,,,,,,,,,,,,,,,,,,,,,,,,,,,,,,,,,,,,,,,,,,,,,,,,,,,,,,,関連表1_L(車両信頼性)_XQ5.xlsx,,,,,,YES,,,,,,,,,ccm: None,,,,,,,,,,,,,,,,,,,,,,,,,,,,,,,,,,,,,,,,,1,,,
,MSTR-009-0191000-d0006,,,,,,,,,,,,,,,,,,,,,,,,,,,,,,,,,,,,,,,,,,,,,,,,,,,,,,,,,,,,,,,,,,,,,,,,,,,,,,,,,,,,,,,,,,,,,,,,,関連表1_L(車両信頼性)_XQ5.xlsx,,,,,,YES,,,,,,,,,ccm: None,,,,,,,,,,,,,,,,,,,,,,,,,,,,,,,,,,,,,1,,,,,,,
,MSTR-009-0191000-d0007,,,,,,,,,,,,,,,,,,,,,,,,,,,,,,,,,,,,,,,,,,,,,,,,,,,,,,,,,,,,,,,,,,,,,,,,,,,,,,,,,,,,,,,,,,,,,,,,,関連表1_L(車両信頼性)_XQ5.xlsx,,,,,,YES,,,,,,,,,ccm: None,,,,,,,,,,,,,,,,,,,,,,,,,,,,,,,,,,,,,,1,,,,,,
,MSTR-009-0191000-d0008,,,,,,,,,,,,,,,,,,,,,,,,,,,,,,,,,,,,,,,,,,,,,,,,,,,,,,,,,,,,,,,,,,,,,,,,,,,,,,,,,,,,,,,,,,,,,,,,,関連表1_L(車両信頼性)_XQ5.xlsx,,,,,,YES,,,,,,,,,ccm: None,,,,,,,,,,,,,,,,,,,,,,,,,1,,,,,,,,,,,,,,,,,,,
,MSTR-009-0191000-d0009,,,,,,,,,,,,,,,,,,,,,,,,,,,,,,,,,,,,,,,,,,,,,,,,,,,,,,,,,,,,,,,,,,,,,,,,,,,,,,,,,,,,,,,,,,,,,,,,,関連表1_L(車両信頼性)_XQ5.xlsx,,,,,,YES,,,,,,,,,ccm: None,,,,,,,,,,,,,,,,,,,,,,,,,,1,,,,,,,,,,,,,,,,,,
,MSTR-009-0191100,,,,,,,,,,,,,,,,,,,,,,,,,,,,,,,,,,,,,,,,,,,,,,,,,,,,,,,,,,,,,,,,,,,,,,,,,,,,,,,,,,,,,,,,,,,,,,,,,関連表1_L(車両信頼性)_XQ5.xlsx,,,,,,YES,,,,,,,,,ccm: None,,,,,,,,,,,,,,,,,,,,,,,1,,,,,,,,,,,,,,,,,,,,,
,MSTR-009-0191100-d0001,,,,,,,,,,,,,,,,,,,,,,,,,,,,,,,,,,,,,,,,,,,,,,,,,,,,,,,,,,,,,,,,,,,,,,,,,,,,,,,,,,,,,,,,,,,,,,,,,関連表1_L(車両信頼性)_XQ5.xlsx,,,,,,YES,,,,,,,,,ccm: None,,,,,,,,,,,,,,,,,,,,,,,,,1,,,,,,,,,1,,,,,,,,,,
,MSTR-009-0191100-d00010,,,,,,,,,,,,,,,,,,,,,,,,,,,,,,,,,,,,,,,,,,,,,,,,,,,,,,,,,,,,,,,,,,,,,,,,,,,,,,,,,,,,,,,,,,,,,,,,,関連表1_L(車両信頼性)_XQ5.xlsx,,,,,,YES,,,,,,,,,ccm: None,,,,,,,,,,,,,,,,,,,,,,,,,,,1,,,,,,,,,,,,,,,,,
,MSTR-009-0191100-d0002,,,,,,,,,,,,,,,,,,,,,,,,,,,,,,,,,,,,,,,,,,,,,,,,,,,,,,,,,,,,,,,,,,,,,,,,,,,,,,,,,,,,,,,,,,,,,,,,,関連表1_L(車両信頼性)_XQ5.xlsx,,,,,,YES,,,,,,,,,ccm: None,,,,,,,,,,,,,,,,,,,,,,,,,,,,,,,,,,,1,,,,,,,,,
,MSTR-009-0191100-d0003,,,,,,,,,,,,,,,,,,,,,,,,,,,,,,,,,,,,,,,,,,,,,,,,,,,,,,,,,,,,,,,,,,,,,,,,,,,,,,,,,,,,,,,,,,,,,,,,,関連表1_L(車両信頼性)_XQ5.xlsx,,,,,,YES,,,,,,,,,ccm: None,,,,,,,,,,,,,,,,,,,,,,,,,,,,,,,,,,,,,,1,,,,,,
,MSTR-009-0191100-d0004,,,,,,,,,,,,,,,,,,,,,,,,,,,,,,,,,,,,,,,,,,,,,,,,,,,,,,,,,,,,,,,,,,,,,,,,,,,,,,,,,,,,,,,,,,,,,,,,,関連表1_L(車両信頼性)_XQ5.xlsx,,,,,,YES,,,,,,,,,ccm: None,,,,,,,,,,,,,,,,,,,,,,,,,,,,,,,,,,,,,,,1,,,,,
,MSTR-009-0191100-d0005,,,,,,,,,,,,,,,,,,,,,,,,,,,,,,,,,,,,,,,,,,,,,,,,,,,,,,,,,,,,,,,,,,,,,,,,,,,,,,,,,,,,,,,,,,,,,,,,,関連表1_L(車両信頼性)_XQ5.xlsx,,,,,,YES,,,,,,,,,ccm: None,,,,,,,,,,,,,,,,,,,,,,,,,,,,,,,,,,,,,,,,,1,,,
,MSTR-009-0191100-d0006,,,,,,,,,,,,,,,,,,,,,,,,,,,,,,,,,,,,,,,,,,,,,,,,,,,,,,,,,,,,,,,,,,,,,,,,,,,,,,,,,,,,,,,,,,,,,,,,,関連表1_L(車両信頼性)_XQ5.xlsx,,,,,,YES,,,,,,,,,ccm: None,,,,,,,,,,,,,,,,,,,,,,,,,,,,,,,,,,,,,1,,,,,,,
,MSTR-009-0191100-d0007,,,,,,,,,,,,,,,,,,,,,,,,,,,,,,,,,,,,,,,,,,,,,,,,,,,,,,,,,,,,,,,,,,,,,,,,,,,,,,,,,,,,,,,,,,,,,,,,,関連表1_L(車両信頼性)_XQ5.xlsx,,,,,,YES,,,,,,,,,ccm: None,,,,,,,,,,,,,,,,,,,,,,,,,,,,,,,,,,,,,,1,,,,,,
,MSTR-009-0191100-d0008,,,,,,,,,,,,,,,,,,,,,,,,,,,,,,,,,,,,,,,,,,,,,,,,,,,,,,,,,,,,,,,,,,,,,,,,,,,,,,,,,,,,,,,,,,,,,,,,,関連表1_L(車両信頼性)_XQ5.xlsx,,,,,,YES,,,,,,,,,ccm: None,,,,,,,,,,,,,,,,,,,,,,,,,1,,,,,,,,,,,,,,,,,,,
,MSTR-009-0191100-d0009,,,,,,,,,,,,,,,,,,,,,,,,,,,,,,,,,,,,,,,,,,,,,,,,,,,,,,,,,,,,,,,,,,,,,,,,,,,,,,,,,,,,,,,,,,,,,,,,,関連表1_L(車両信頼性)_XQ5.xlsx,,,,,,YES,,,,,,,,,ccm: None,,,,,,,,,,,,,,,,,,,,,,,,,,1,,,,,,,,,,,,,,,,,,
,MSTR-009-0191200,,,,,,,,,,,,,,,,,,,,,,,,,,,,,,,,,,,,,,,,,,,,,,,,,,,,,,,,,,,,,,,,,,,,,,,,,,,,,,,,,,,,,,,,,,,,,,,,,関連表1_L(車両信頼性)_XQ5.xlsx,,,,,,YES,,,,,,,,,ccm: None,,,,,,,,,,,,,,,,,,,,,,,1,,,,,,,,,,,,,,,,,,,,,
,MSTR-009-0191200-d0001,,,,,,,,,,,,,,,,,,,,,,,,,,,,,,,,,,,,,,,,,,,,,,,,,,,,,,,,,,,,,,,,,,,,,,,,,,,,,,,,,,,,,,,,,,,,,,,,,関連表1_L(車両信頼性)_XQ5.xlsx,,,,,,YES,,,,,,,,,ccm: None,,,,,,,,,,,,,,,,,,,,,,,,,,1,,,,,,,,1,,,,,,,,,,
,MSTR-009-0191200-d00010,,,,,,,,,,,,,,,,,,,,,,,,,,,,,,,,,,,,,,,,,,,,,,,,,,,,,,,,,,,,,,,,,,,,,,,,,,,,,,,,,,,,,,,,,,,,,,,,,関連表1_L(車両信頼性)_XQ5.xlsx,,,,,,YES,,,,,,,,,ccm: None,,,,,,,,,,,,,,,,,,,,,,,,,,,1,,,,,,,,,,,,,,,,,
,MSTR-009-0191200-d0002,,,,,,,,,,,,,,,,,,,,,,,,,,,,,,,,,,,,,,,,,,,,,,,,,,,,,,,,,,,,,,,,,,,,,,,,,,,,,,,,,,,,,,,,,,,,,,,,,関連表1_L(車両信頼性)_XQ5.xlsx,,,,,,YES,,,,,,,,,ccm: None,,,,,,,,,,,,,,,,,,,,,,,,,,,,,,,,,,,,1,,,,,,,,
,MSTR-009-0191200-d0003,,,,,,,,,,,,,,,,,,,,,,,,,,,,,,,,,,,,,,,,,,,,,,,,,,,,,,,,,,,,,,,,,,,,,,,,,,,,,,,,,,,,,,,,,,,,,,,,,関連表1_L(車両信頼性)_XQ5.xlsx,,,,,,YES,,,,,,,,,ccm: None,,,,,,,,,,,,,,,,,,,,,,,,,,,,,,,,,,,,,,1,,,,,,
,MSTR-009-0191200-d0004,,,,,,,,,,,,,,,,,,,,,,,,,,,,,,,,,,,,,,,,,,,,,,,,,,,,,,,,,,,,,,,,,,,,,,,,,,,,,,,,,,,,,,,,,,,,,,,,,関連表1_L(車両信頼性)_XQ5.xlsx,,,,,,YES,,,,,,,,,ccm: None,,,,,,,,,,,,,,,,,,,,,,,,,,,,,,,,,,,,,,,1,,,,,
,MSTR-009-0191200-d0005,,,,,,,,,,,,,,,,,,,,,,,,,,,,,,,,,,,,,,,,,,,,,,,,,,,,,,,,,,,,,,,,,,,,,,,,,,,,,,,,,,,,,,,,,,,,,,,,,関連表1_L(車両信頼性)_XQ5.xlsx,,,,,,YES,,,,,,,,,ccm: None,,,,,,,,,,,,,,,,,,,,,,,,,,,,,,,,,,,,,,,,,,1,,
,MSTR-009-0191200-d0006,,,,,,,,,,,,,,,,,,,,,,,,,,,,,,,,,,,,,,,,,,,,,,,,,,,,,,,,,,,,,,,,,,,,,,,,,,,,,,,,,,,,,,,,,,,,,,,,,関連表1_L(車両信頼性)_XQ5.xlsx,,,,,,YES,,,,,,,,,ccm: None,,,,,,,,,,,,,,,,,,,,,,,,,,,,,,,,,,,,,1,,,,,,,
,MSTR-009-0191200-d0007,,,,,,,,,,,,,,,,,,,,,,,,,,,,,,,,,,,,,,,,,,,,,,,,,,,,,,,,,,,,,,,,,,,,,,,,,,,,,,,,,,,,,,,,,,,,,,,,,関連表1_L(車両信頼性)_XQ5.xlsx,,,,,,YES,,,,,,,,,ccm: None,,,,,,,,,,,,,,,,,,,,,,,,,,,,,,,,,,,,,,1,,,,,,
,MSTR-009-0191200-d0008,,,,,,,,,,,,,,,,,,,,,,,,,,,,,,,,,,,,,,,,,,,,,,,,,,,,,,,,,,,,,,,,,,,,,,,,,,,,,,,,,,,,,,,,,,,,,,,,,関連表1_L(車両信頼性)_XQ5.xlsx,,,,,,YES,,,,,,,,,ccm: None,,,,,,,,,,,,,,,,,,,,,,,,,1,,,,,,,,,,,,,,,,,,,
,MSTR-009-0191200-d0009,,,,,,,,,,,,,,,,,,,,,,,,,,,,,,,,,,,,,,,,,,,,,,,,,,,,,,,,,,,,,,,,,,,,,,,,,,,,,,,,,,,,,,,,,,,,,,,,,関連表1_L(車両信頼性)_XQ5.xlsx,,,,,,YES,,,,,,,,,ccm: None,,,,,,,,,,,,,,,,,,,,,,,,,,1,,,,,,,,,,,,,,,,,,
,MSTR-009-0191300,,,,,,,,,,,,,,,,,,,,,,,,,,,,,,,,,,,,,,,,,,,,,,,,,,,,,,,,,,,,,,,,,,,,,,,,,,,,,,,,,,,,,,,,,,,,,,,,,関連表1_L(車両信頼性)_XQ5.xlsx,,,,,,YES,,,,,,,,,ccm: None,,,,,,,,,,,,,,,,,,,,,,,1,,,,,,,,,,,,,,,,,,,,,
,MSTR-009-0191300-d0001,,,,,,,,,,,,,,,,,,,,,,,,,,,,,,,,,,,,,,,,,,,,,,,,,,,,,,,,,,,,,,,,,,,,,,,,,,,,,,,,,,,,,,,,,,,,,,,,,関連表1_L(車両信頼性)_XQ5.xlsx,,,,,,YES,,,,,,,,,ccm: None,,,,,,,,,,,,,,,,,,,,,,,,,1,,,,,,,,,1,,,,,,,,,,
,MSTR-009-0191300-d00010,,,,,,,,,,,,,,,,,,,,,,,,,,,,,,,,,,,,,,,,,,,,,,,,,,,,,,,,,,,,,,,,,,,,,,,,,,,,,,,,,,,,,,,,,,,,,,,,,関連表1_L(車両信頼性)_XQ5.xlsx,,,,,,YES,,,,,,,,,ccm: None,,,,,,,,,,,,,,,,,,,,,,,,,,,1,,,,,,,,,,,,,,,,,
,MSTR-009-0191300-d0002,,,,,,,,,,,,,,,,,,,,,,,,,,,,,,,,,,,,,,,,,,,,,,,,,,,,,,,,,,,,,,,,,,,,,,,,,,,,,,,,,,,,,,,,,,,,,,,,,関連表1_L(車両信頼性)_XQ5.xlsx,,,,,,YES,,,,,,,,,ccm: None,,,,,,,,,,,,,,,,,,,,,,,,,,,,,,,,,,,,1,,,,,,,,
,MSTR-009-0191300-d0003,,,,,,,,,,,,,,,,,,,,,,,,,,,,,,,,,,,,,,,,,,,,,,,,,,,,,,,,,,,,,,,,,,,,,,,,,,,,,,,,,,,,,,,,,,,,,,,,,関連表1_L(車両信頼性)_XQ5.xlsx,,,,,,YES,,,,,,,,,ccm: None,,,,,,,,,,,,,,,,,,,,,,,,,,,,,,,,,,,,,,1,,,,,,
,MSTR-009-0191300-d0004,,,,,,,,,,,,,,,,,,,,,,,,,,,,,,,,,,,,,,,,,,,,,,,,,,,,,,,,,,,,,,,,,,,,,,,,,,,,,,,,,,,,,,,,,,,,,,,,,関連表1_L(車両信頼性)_XQ5.xlsx,,,,,,YES,,,,,,,,,ccm: None,,,,,,,,,,,,,,,,,,,,,,,,,,,,,,,,,,,,,,,1,,,,,
,MSTR-009-0191300-d0005,,,,,,,,,,,,,,,,,,,,,,,,,,,,,,,,,,,,,,,,,,,,,,,,,,,,,,,,,,,,,,,,,,,,,,,,,,,,,,,,,,,,,,,,,,,,,,,,,関連表1_L(車両信頼性)_XQ5.xlsx,,,,,,YES,,,,,,,,,ccm: None,,,,,,,,,,,,,,,,,,,,,,,,,,,,,,,,,,,,,,,,,1,,,
,MSTR-009-0191300-d0006,,,,,,,,,,,,,,,,,,,,,,,,,,,,,,,,,,,,,,,,,,,,,,,,,,,,,,,,,,,,,,,,,,,,,,,,,,,,,,,,,,,,,,,,,,,,,,,,,関連表1_L(車両信頼性)_XQ5.xlsx,,,,,,YES,,,,,,,,,ccm: None,,,,,,,,,,,,,,,,,,,,,,,,,,,,,,,,,,,,,1,,,,,,,
,MSTR-009-0191300-d0007,,,,,,,,,,,,,,,,,,,,,,,,,,,,,,,,,,,,,,,,,,,,,,,,,,,,,,,,,,,,,,,,,,,,,,,,,,,,,,,,,,,,,,,,,,,,,,,,,関連表1_L(車両信頼性)_XQ5.xlsx,,,,,,YES,,,,,,,,,ccm: None,,,,,,,,,,,,,,,,,,,,,,,,,,,,,,,,,,,,,,1,,,,,,
,MSTR-009-0191300-d0008,,,,,,,,,,,,,,,,,,,,,,,,,,,,,,,,,,,,,,,,,,,,,,,,,,,,,,,,,,,,,,,,,,,,,,,,,,,,,,,,,,,,,,,,,,,,,,,,,関連表1_L(車両信頼性)_XQ5.xlsx,,,,,,YES,,,,,,,,,ccm: None,,,,,,,,,,,,,,,,,,,,,,,,,1,,,,,,,,,,,,,,,,,,,
,MSTR-009-0191300-d0009,,,,,,,,,,,,,,,,,,,,,,,,,,,,,,,,,,,,,,,,,,,,,,,,,,,,,,,,,,,,,,,,,,,,,,,,,,,,,,,,,,,,,,,,,,,,,,,,,関連表1_L(車両信頼性)_XQ5.xlsx,,,,,,YES,,,,,,,,,ccm: None,,,,,,,,,,,,,,,,,,,,,,,,,,1,,,,,,,,,,,,,,,,,,
,MSTR-009-0191400,,,,,,,,,,,,,,,,,,,,,,,,,,,,,,,,,,,,,,,,,,,,,,,,,,,,,,,,,,,,,,,,,,,,,,,,,,,,,,,,,,,,,,,,,,,,,,,,,関連表1_L(車両信頼性)_XQ5.xlsx,,,,,,YES,,,,,,,,,ccm: None,,,,,,,,,,,,,,,,,,,,,,,1,,,,,,,,,,,,,,,,,,,,,
,MSTR-009-0191400-d0001,,,,,,,,,,,,,,,,,,,,,,,,,,,,,,,,,,,,,,,,,,,,,,,,,,,,,,,,,,,,,,,,,,,,,,,,,,,,,,,,,,,,,,,,,,,,,,,,,関連表1_L(車両信頼性)_XQ5.xlsx,,,,,,YES,,,,,,,,,ccm: None,,,,,,,,,,,,,,,,,,,,,,,,,1,,,,,,,,,1,,,,,,,,,,
,MSTR-009-0191400-d00010,,,,,,,,,,,,,,,,,,,,,,,,,,,,,,,,,,,,,,,,,,,,,,,,,,,,,,,,,,,,,,,,,,,,,,,,,,,,,,,,,,,,,,,,,,,,,,,,,関連表1_L(車両信頼性)_XQ5.xlsx,,,,,,YES,,,,,,,,,ccm: None,,,,,,,,,,,,,,,,,,,,,,,,,,,1,,,,,,,,,,,,,,,,,
,MSTR-009-0191400-d0002,,,,,,,,,,,,,,,,,,,,,,,,,,,,,,,,,,,,,,,,,,,,,,,,,,,,,,,,,,,,,,,,,,,,,,,,,,,,,,,,,,,,,,,,,,,,,,,,,関連表1_L(車両信頼性)_XQ5.xlsx,,,,,,YES,,,,,,,,,ccm: None,,,,,,,,,,,,,,,,,,,,,,,,,,,,,,,,,,,,1,,,,,,,,
,MSTR-009-0191400-d0003,,,,,,,,,,,,,,,,,,,,,,,,,,,,,,,,,,,,,,,,,,,,,,,,,,,,,,,,,,,,,,,,,,,,,,,,,,,,,,,,,,,,,,,,,,,,,,,,,関連表1_L(車両信頼性)_XQ5.xlsx,,,,,,YES,,,,,,,,,ccm: None,,,,,,,,,,,,,,,,,,,,,,,,,,,,,,,,,,,,,1,,,,,,,
,MSTR-009-0191400-d0004,,,,,,,,,,,,,,,,,,,,,,,,,,,,,,,,,,,,,,,,,,,,,,,,,,,,,,,,,,,,,,,,,,,,,,,,,,,,,,,,,,,,,,,,,,,,,,,,,関連表1_L(車両信頼性)_XQ5.xlsx,,,,,,YES,,,,,,,,,ccm: None,,,,,,,,,,,,,,,,,,,,,,,,,,,,,,,,,,,,,,,,1,,,,
,MSTR-009-0191400-d0005,,,,,,,,,,,,,,,,,,,,,,,,,,,,,,,,,,,,,,,,,,,,,,,,,,,,,,,,,,,,,,,,,,,,,,,,,,,,,,,,,,,,,,,,,,,,,,,,,関連表1_L(車両信頼性)_XQ5.xlsx,,,,,,YES,,,,,,,,,ccm: None,,,,,,,,,,,,,,,,,,,,,,,,,,,,,,,,,,,,,,,,,1,,,
,MSTR-009-0191400-d0006,,,,,,,,,,,,,,,,,,,,,,,,,,,,,,,,,,,,,,,,,,,,,,,,,,,,,,,,,,,,,,,,,,,,,,,,,,,,,,,,,,,,,,,,,,,,,,,,,関連表1_L(車両信頼性)_XQ5.xlsx,,,,,,YES,,,,,,,,,ccm: None,,,,,,,,,,,,,,,,,,,,,,,,,,,,,,,,,,,,,1,,,,,,,
,MSTR-009-0191400-d0007,,,,,,,,,,,,,,,,,,,,,,,,,,,,,,,,,,,,,,,,,,,,,,,,,,,,,,,,,,,,,,,,,,,,,,,,,,,,,,,,,,,,,,,,,,,,,,,,,関連表1_L(車両信頼性)_XQ5.xlsx,,,,,,YES,,,,,,,,,ccm: None,,,,,,,,,,,,,,,,,,,,,,,,,,,,,,,,,,,,,,1,,,,,,
,MSTR-009-0191400-d0008,,,,,,,,,,,,,,,,,,,,,,,,,,,,,,,,,,,,,,,,,,,,,,,,,,,,,,,,,,,,,,,,,,,,,,,,,,,,,,,,,,,,,,,,,,,,,,,,,関連表1_L(車両信頼性)_XQ5.xlsx,,,,,,YES,,,,,,,,,ccm: None,,,,,,,,,,,,,,,,,,,,,,,,,1,,,,,,,,,,,,,,,,,,,
,MSTR-009-0191400-d0009,,,,,,,,,,,,,,,,,,,,,,,,,,,,,,,,,,,,,,,,,,,,,,,,,,,,,,,,,,,,,,,,,,,,,,,,,,,,,,,,,,,,,,,,,,,,,,,,,関連表1_L(車両信頼性)_XQ5.xlsx,,,,,,YES,,,,,,,,,ccm: None,,,,,,,,,,,,,,,,,,,,,,,,,,1,,,,,,,,,,,,,,,,,,
,MSTR-009-0191500,,,,,,,,,,,,,,,,,,,,,,,,,,,,,,,,,,,,,,,,,,,,,,,,,,,,,,,,,,,,,,,,,,,,,,,,,,,,,,,,,,,,,,,,,,,,,,,,,関連表1_L(車両信頼性)_XQ5.xlsx,,,,,,YES,,,,,,,,,ccm: None,,,,,,,,,,,,,,,,,,,,,,,1,,,,,,,,,,,,,,,,,,,,,
,MSTR-009-0191500-d0001,,,,,,,,,,,,,,,,,,,,,,,,,,,,,,,,,,,,,,,,,,,,,,,,,,,,,,,,,,,,,,,,,,,,,,,,,,,,,,,,,,,,,,,,,,,,,,,,,関連表1_L(車両信頼性)_XQ5.xlsx,,,,,,YES,,,,,,,,,ccm: None,,,,,,,,,,,,,,,,,,,,,,,,,1,,,,,,,,,1,,,,,,,,,,
,MSTR-009-0191500-d00010,,,,,,,,,,,,,,,,,,,,,,,,,,,,,,,,,,,,,,,,,,,,,,,,,,,,,,,,,,,,,,,,,,,,,,,,,,,,,,,,,,,,,,,,,,,,,,,,,関連表1_L(車両信頼性)_XQ5.xlsx,,,,,,YES,,,,,,,,,ccm: None,,,,,,,,,,,,,,,,,,,,,,,,,,,1,,,,,,,,,,,,,,,,,
,MSTR-009-0191500-d0002,,,,,,,,,,,,,,,,,,,,,,,,,,,,,,,,,,,,,,,,,,,,,,,,,,,,,,,,,,,,,,,,,,,,,,,,,,,,,,,,,,,,,,,,,,,,,,,,,関連表1_L(車両信頼性)_XQ5.xlsx,,,,,,YES,,,,,,,,,ccm: None,,,,,,,,,,,,,,,,,,,,,,,,,,,,,,,,,,,,1,,,,,,,,
,MSTR-009-0191500-d0003,,,,,,,,,,,,,,,,,,,,,,,,,,,,,,,,,,,,,,,,,,,,,,,,,,,,,,,,,,,,,,,,,,,,,,,,,,,,,,,,,,,,,,,,,,,,,,,,,関連表1_L(車両信頼性)_XQ5.xlsx,,,,,,YES,,,,,,,,,ccm: None,,,,,,,,,,,,,,,,,,,,,,,,,,,,,,,,,,,,,,1,,,,,,
,MSTR-009-0191500-d0004,,,,,,,,,,,,,,,,,,,,,,,,,,,,,,,,,,,,,,,,,,,,,,,,,,,,,,,,,,,,,,,,,,,,,,,,,,,,,,,,,,,,,,,,,,,,,,,,,関連表1_L(車両信頼性)_XQ5.xlsx,,,,,,YES,,,,,,,,,ccm: None,,,,,,,,,,,,,,,,,,,,,,,,,,,,,,,,,,,,,,,1,,,,,
,MSTR-009-0191500-d0005,,,,,,,,,,,,,,,,,,,,,,,,,,,,,,,,,,,,,,,,,,,,,,,,,,,,,,,,,,,,,,,,,,,,,,,,,,,,,,,,,,,,,,,,,,,,,,,,,関連表1_L(車両信頼性)_XQ5.xlsx,,,,,,YES,,,,,,,,,ccm: None,,,,,,,,,,,,,,,,,,,,,,,,,,,,,,,,,,,,,,,,,,1,,
,MSTR-009-0191500-d0006,,,,,,,,,,,,,,,,,,,,,,,,,,,,,,,,,,,,,,,,,,,,,,,,,,,,,,,,,,,,,,,,,,,,,,,,,,,,,,,,,,,,,,,,,,,,,,,,,関連表1_L(車両信頼性)_XQ5.xlsx,,,,,,YES,,,,,,,,,ccm: None,,,,,,,,,,,,,,,,,,,,,,,,,,,,,,,,,,,,,1,,,,,,,
,MSTR-009-0191500-d0007,,,,,,,,,,,,,,,,,,,,,,,,,,,,,,,,,,,,,,,,,,,,,,,,,,,,,,,,,,,,,,,,,,,,,,,,,,,,,,,,,,,,,,,,,,,,,,,,,関連表1_L(車両信頼性)_XQ5.xlsx,,,,,,YES,,,,,,,,,ccm: None,,,,,,,,,,,,,,,,,,,,,,,,,,,,,,,,,,,,,,1,,,,,,
,MSTR-009-0191500-d0008,,,,,,,,,,,,,,,,,,,,,,,,,,,,,,,,,,,,,,,,,,,,,,,,,,,,,,,,,,,,,,,,,,,,,,,,,,,,,,,,,,,,,,,,,,,,,,,,,関連表1_L(車両信頼性)_XQ5.xlsx,,,,,,YES,,,,,,,,,ccm: None,,,,,,,,,,,,,,,,,,,,,,,,,1,,,,,,,,,,,,,,,,,,,
,MSTR-009-0191500-d0009,,,,,,,,,,,,,,,,,,,,,,,,,,,,,,,,,,,,,,,,,,,,,,,,,,,,,,,,,,,,,,,,,,,,,,,,,,,,,,,,,,,,,,,,,,,,,,,,,関連表1_L(車両信頼性)_XQ5.xlsx,,,,,,YES,,,,,,,,,ccm: None,,,,,,,,,,,,,,,,,,,,,,,,,,1,,,,,,,,,,,,,,,,,,
,MSTR-009-0191600,,,,,,,,,,,,,,,,,,,,,,,,,,,,,,,,,,,,,,,,,,,,,,,,,,,,,,,,,,,,,,,,,,,,,,,,,,,,,,,,,,,,,,,,,,,,,,,,,関連表1_L(車両信頼性)_XQ5.xlsx,,,,,,YES,,,,,,,,,ccm: None,,,,,,,,,,,,,,,,,,,,,,,1,,,,,,,,,,,,,,,,,,,,,
,MSTR-009-0191600-d0001,,,,,,,,,,,,,,,,,,,,,,,,,,,,,,,,,,,,,,,,,,,,,,,,,,,,,,,,,,,,,,,,,,,,,,,,,,,,,,,,,,,,,,,,,,,,,,,,,関連表1_L(車両信頼性)_XQ5.xlsx,,,,,,YES,,,,,,,,,ccm: None,,,,,,,,,,,,,,,,,,,,,,,,,1,,,,,,,,,1,,,,,,,,,,
,MSTR-009-0191600-d00010,,,,,,,,,,,,,,,,,,,,,,,,,,,,,,,,,,,,,,,,,,,,,,,,,,,,,,,,,,,,,,,,,,,,,,,,,,,,,,,,,,,,,,,,,,,,,,,,,関連表1_L(車両信頼性)_XQ5.xlsx,,,,,,YES,,,,,,,,,ccm: None,,,,,,,,,,,,,,,,,,,,,,,,,,,1,,,,,,,,,,,,,,,,,
,MSTR-009-0191600-d0002,,,,,,,,,,,,,,,,,,,,,,,,,,,,,,,,,,,,,,,,,,,,,,,,,,,,,,,,,,,,,,,,,,,,,,,,,,,,,,,,,,,,,,,,,,,,,,,,,関連表1_L(車両信頼性)_XQ5.xlsx,,,,,,YES,,,,,,,,,ccm: None,,,,,,,,,,,,,,,,,,,,,,,,,,,,,,,,,,,,1,,,,,,,,
,MSTR-009-0191600-d0003,,,,,,,,,,,,,,,,,,,,,,,,,,,,,,,,,,,,,,,,,,,,,,,,,,,,,,,,,,,,,,,,,,,,,,,,,,,,,,,,,,,,,,,,,,,,,,,,,関連表1_L(車両信頼性)_XQ5.xlsx,,,,,,YES,,,,,,,,,ccm: None,,,,,,,,,,,,,,,,,,,,,,,,,,,,,,,,,,,,,1,,,,,,,
,MSTR-009-0191600-d0004,,,,,,,,,,,,,,,,,,,,,,,,,,,,,,,,,,,,,,,,,,,,,,,,,,,,,,,,,,,,,,,,,,,,,,,,,,,,,,,,,,,,,,,,,,,,,,,,,関連表1_L(車両信頼性)_XQ5.xlsx,,,,,,YES,,,,,,,,,ccm: None,,,,,,,,,,,,,,,,,,,,,,,,,,,,,,,,,,,,,,,,1,,,,
,MSTR-009-0191600-d0005,,,,,,,,,,,,,,,,,,,,,,,,,,,,,,,,,,,,,,,,,,,,,,,,,,,,,,,,,,,,,,,,,,,,,,,,,,,,,,,,,,,,,,,,,,,,,,,,,関連表1_L(車両信頼性)_XQ5.xlsx,,,,,,YES,,,,,,,,,ccm: None,,,,,,,,,,,,,,,,,,,,,,,,,,,,,,,,,,,,,,,,,1,,,
,MSTR-009-0191600-d0006,,,,,,,,,,,,,,,,,,,,,,,,,,,,,,,,,,,,,,,,,,,,,,,,,,,,,,,,,,,,,,,,,,,,,,,,,,,,,,,,,,,,,,,,,,,,,,,,,関連表1_L(車両信頼性)_XQ5.xlsx,,,,,,YES,,,,,,,,,ccm: None,,,,,,,,,,,,,,,,,,,,,,,,,,,,,,,,,,,,,1,,,,,,,
,MSTR-009-0191600-d0007,,,,,,,,,,,,,,,,,,,,,,,,,,,,,,,,,,,,,,,,,,,,,,,,,,,,,,,,,,,,,,,,,,,,,,,,,,,,,,,,,,,,,,,,,,,,,,,,,関連表1_L(車両信頼性)_XQ5.xlsx,,,,,,YES,,,,,,,,,ccm: None,,,,,,,,,,,,,,,,,,,,,,,,,,,,,,,,,,,,,,1,,,,,,
,MSTR-009-0191600-d0008,,,,,,,,,,,,,,,,,,,,,,,,,,,,,,,,,,,,,,,,,,,,,,,,,,,,,,,,,,,,,,,,,,,,,,,,,,,,,,,,,,,,,,,,,,,,,,,,,関連表1_L(車両信頼性)_XQ5.xlsx,,,,,,YES,,,,,,,,,ccm: None,,,,,,,,,,,,,,,,,,,,,,,,,1,,,,,,,,,,,,,,,,,,,
,MSTR-009-0191600-d0009,,,,,,,,,,,,,,,,,,,,,,,,,,,,,,,,,,,,,,,,,,,,,,,,,,,,,,,,,,,,,,,,,,,,,,,,,,,,,,,,,,,,,,,,,,,,,,,,,関連表1_L(車両信頼性)_XQ5.xlsx,,,,,,YES,,,,,,,,,ccm: None,,,,,,,,,,,,,,,,,,,,,,,,,,1,,,,,,,,,,,,,,,,,,
,MSTR-009-0191700,,,,,,,,,,,,,,,,,,,,,,,,,,,,,,,,,,,,,,,,,,,,,,,,,,,,,,,,,,,,,,,,,,,,,,,,,,,,,,,,,,,,,,,,,,,,,,,,,関連表1_L(車両信頼性)_XQ5.xlsx,,,,,,YES,,,,,,,,,ccm: None,,,,,,,,,,,,,,,,,,,,,,,1,,,,,,,,,,,,,,,,,,,,,
,MSTR-009-0191700-d0001,,,,,,,,,,,,,,,,,,,,,,,,,,,,,,,,,,,,,,,,,,,,,,,,,,,,,,,,,,,,,,,,,,,,,,,,,,,,,,,,,,,,,,,,,,,,,,,,,関連表1_L(車両信頼性)_XQ5.xlsx,,,,,,YES,,,,,,,,,ccm: None,,,,,,,,,,,,,,,,,,,,,,,,,1,,,,,,,,,1,,,,,,,,,,
,MSTR-009-0191700-d00010,,,,,,,,,,,,,,,,,,,,,,,,,,,,,,,,,,,,,,,,,,,,,,,,,,,,,,,,,,,,,,,,,,,,,,,,,,,,,,,,,,,,,,,,,,,,,,,,,関連表1_L(車両信頼性)_XQ5.xlsx,,,,,,YES,,,,,,,,,ccm: None,,,,,,,,,,,,,,,,,,,,,,,,,,,1,,,,,,,,,,,,,,,,,
,MSTR-009-0191700-d0002,,,,,,,,,,,,,,,,,,,,,,,,,,,,,,,,,,,,,,,,,,,,,,,,,,,,,,,,,,,,,,,,,,,,,,,,,,,,,,,,,,,,,,,,,,,,,,,,,関連表1_L(車両信頼性)_XQ5.xlsx,,,,,,YES,,,,,,,,,ccm: None,,,,,,,,,,,,,,,,,,,,,,,,,,,,,,,,,,,,1,,,,,,,,
,MSTR-009-0191700-d0003,,,,,,,,,,,,,,,,,,,,,,,,,,,,,,,,,,,,,,,,,,,,,,,,,,,,,,,,,,,,,,,,,,,,,,,,,,,,,,,,,,,,,,,,,,,,,,,,,関連表1_L(車両信頼性)_XQ5.xlsx,,,,,,YES,,,,,,,,,ccm: None,,,,,,,,,,,,,,,,,,,,,,,,,,,,,,,,,,,,,1,,,,,,,
,MSTR-009-0191700-d0004,,,,,,,,,,,,,,,,,,,,,,,,,,,,,,,,,,,,,,,,,,,,,,,,,,,,,,,,,,,,,,,,,,,,,,,,,,,,,,,,,,,,,,,,,,,,,,,,,関連表1_L(車両信頼性)_XQ5.xlsx,,,,,,YES,,,,,,,,,ccm: None,,,,,,,,,,,,,,,,,,,,,,,,,,,,,,,,,,,,,,,,1,,,,
,MSTR-009-0191700-d0005,,,,,,,,,,,,,,,,,,,,,,,,,,,,,,,,,,,,,,,,,,,,,,,,,,,,,,,,,,,,,,,,,,,,,,,,,,,,,,,,,,,,,,,,,,,,,,,,,関連表1_L(車両信頼性)_XQ5.xlsx,,,,,,YES,,,,,,,,,ccm: None,,,,,,,,,,,,,,,,,,,,,,,,,,,,,,,,,,,,,,,,,1,,,
,MSTR-009-0191700-d0006,,,,,,,,,,,,,,,,,,,,,,,,,,,,,,,,,,,,,,,,,,,,,,,,,,,,,,,,,,,,,,,,,,,,,,,,,,,,,,,,,,,,,,,,,,,,,,,,,関連表1_L(車両信頼性)_XQ5.xlsx,,,,,,YES,,,,,,,,,ccm: None,,,,,,,,,,,,,,,,,,,,,,,,,,,,,,,,,,,,,1,,,,,,,
,MSTR-009-0191700-d0007,,,,,,,,,,,,,,,,,,,,,,,,,,,,,,,,,,,,,,,,,,,,,,,,,,,,,,,,,,,,,,,,,,,,,,,,,,,,,,,,,,,,,,,,,,,,,,,,,関連表1_L(車両信頼性)_XQ5.xlsx,,,,,,YES,,,,,,,,,ccm: None,,,,,,,,,,,,,,,,,,,,,,,,,,,,,,,,,,,,,,1,,,,,,
,MSTR-009-0191700-d0008,,,,,,,,,,,,,,,,,,,,,,,,,,,,,,,,,,,,,,,,,,,,,,,,,,,,,,,,,,,,,,,,,,,,,,,,,,,,,,,,,,,,,,,,,,,,,,,,,関連表1_L(車両信頼性)_XQ5.xlsx,,,,,,YES,,,,,,,,,ccm: None,,,,,,,,,,,,,,,,,,,,,,,,,1,,,,,,,,,,,,,,,,,,,
,MSTR-009-0191700-d0009,,,,,,,,,,,,,,,,,,,,,,,,,,,,,,,,,,,,,,,,,,,,,,,,,,,,,,,,,,,,,,,,,,,,,,,,,,,,,,,,,,,,,,,,,,,,,,,,,関連表1_L(車両信頼性)_XQ5.xlsx,,,,,,YES,,,,,,,,,ccm: None,,,,,,,,,,,,,,,,,,,,,,,,,,1,,,,,,,,,,,,,,,,,,
,MSTR-009-0191800,,,,,,,,,,,,,,,,,,,,,,,,,,,,,,,,,,,,,,,,,,,,,,,,,,,,,,,,,,,,,,,,,,,,,,,,,,,,,,,,,,,,,,,,,,,,,,,,,関連表1_L(車両信頼性)_XQ5.xlsx,,,,,,YES,,,,,,,,,ccm: None,,,,,,,,,,,,,,,,,,,,,,,1,,,,,,,,,,,,,,,,,,,,,
,MSTR-009-0191800-d0001,,,,,,,,,,,,,,,,,,,,,,,,,,,,,,,,,,,,,,,,,,,,,,,,,,,,,,,,,,,,,,,,,,,,,,,,,,,,,,,,,,,,,,,,,,,,,,,,,関連表1_L(車両信頼性)_XQ5.xlsx,,,,,,YES,,,,,,,,,ccm: None,,,,,,,,,,,,,,,,,,,,,,,,,1,,,,,,,,,1,,,,,,,,,,
,MSTR-009-0191800-d00010,,,,,,,,,,,,,,,,,,,,,,,,,,,,,,,,,,,,,,,,,,,,,,,,,,,,,,,,,,,,,,,,,,,,,,,,,,,,,,,,,,,,,,,,,,,,,,,,,関連表1_L(車両信頼性)_XQ5.xlsx,,,,,,YES,,,,,,,,,ccm: None,,,,,,,,,,,,,,,,,,,,,,,,,,,1,,,,,,,,,,,,,,,,,
,MSTR-009-0191800-d0002,,,,,,,,,,,,,,,,,,,,,,,,,,,,,,,,,,,,,,,,,,,,,,,,,,,,,,,,,,,,,,,,,,,,,,,,,,,,,,,,,,,,,,,,,,,,,,,,,関連表1_L(車両信頼性)_XQ5.xlsx,,,,,,YES,,,,,,,,,ccm: None,,,,,,,,,,,,,,,,,,,,,,,,,,,,,,,,,,,,1,,,,,,,,
,MSTR-009-0191800-d0003,,,,,,,,,,,,,,,,,,,,,,,,,,,,,,,,,,,,,,,,,,,,,,,,,,,,,,,,,,,,,,,,,,,,,,,,,,,,,,,,,,,,,,,,,,,,,,,,,関連表1_L(車両信頼性)_XQ5.xlsx,,,,,,YES,,,,,,,,,ccm: None,,,,,,,,,,,,,,,,,,,,,,,,,,,,,,,,,,,,,1,,,,,,,
,MSTR-009-0191800-d0004,,,,,,,,,,,,,,,,,,,,,,,,,,,,,,,,,,,,,,,,,,,,,,,,,,,,,,,,,,,,,,,,,,,,,,,,,,,,,,,,,,,,,,,,,,,,,,,,,関連表1_L(車両信頼性)_XQ5.xlsx,,,,,,YES,,,,,,,,,ccm: None,,,,,,,,,,,,,,,,,,,,,,,,,,,,,,,,,,,,,,,,1,,,,
,MSTR-009-0191800-d0005,,,,,,,,,,,,,,,,,,,,,,,,,,,,,,,,,,,,,,,,,,,,,,,,,,,,,,,,,,,,,,,,,,,,,,,,,,,,,,,,,,,,,,,,,,,,,,,,,関連表1_L(車両信頼性)_XQ5.xlsx,,,,,,YES,,,,,,,,,ccm: None,,,,,,,,,,,,,,,,,,,,,,,,,,,,,,,,,,,,,,,,,1,,,
,MSTR-009-0191800-d0006,,,,,,,,,,,,,,,,,,,,,,,,,,,,,,,,,,,,,,,,,,,,,,,,,,,,,,,,,,,,,,,,,,,,,,,,,,,,,,,,,,,,,,,,,,,,,,,,,関連表1_L(車両信頼性)_XQ5.xlsx,,,,,,YES,,,,,,,,,ccm: None,,,,,,,,,,,,,,,,,,,,,,,,,,,,,,,,,,,,,1,,,,,,,
,MSTR-009-0191800-d0007,,,,,,,,,,,,,,,,,,,,,,,,,,,,,,,,,,,,,,,,,,,,,,,,,,,,,,,,,,,,,,,,,,,,,,,,,,,,,,,,,,,,,,,,,,,,,,,,,関連表1_L(車両信頼性)_XQ5.xlsx,,,,,,YES,,,,,,,,,ccm: None,,,,,,,,,,,,,,,,,,,,,,,,,,,,,,,,,,,,,,1,,,,,,
,MSTR-009-0191800-d0008,,,,,,,,,,,,,,,,,,,,,,,,,,,,,,,,,,,,,,,,,,,,,,,,,,,,,,,,,,,,,,,,,,,,,,,,,,,,,,,,,,,,,,,,,,,,,,,,,関連表1_L(車両信頼性)_XQ5.xlsx,,,,,,YES,,,,,,,,,ccm: None,,,,,,,,,,,,,,,,,,,,,,,,,1,,,,,,,,,,,,,,,,,,,
,MSTR-009-0191800-d0009,,,,,,,,,,,,,,,,,,,,,,,,,,,,,,,,,,,,,,,,,,,,,,,,,,,,,,,,,,,,,,,,,,,,,,,,,,,,,,,,,,,,,,,,,,,,,,,,,関連表1_L(車両信頼性)_XQ5.xlsx,,,,,,YES,,,,,,,,,ccm: None,,,,,,,,,,,,,,,,,,,,,,,,,,1,,,,,,,,,,,,,,,,,,
,MSTR-009-0191900,,,,,,,,,,,,,,,,,,,,,,,,,,,,,,,,,,,,,,,,,,,,,,,,,,,,,,,,,,,,,,,,,,,,,,,,,,,,,,,,,,,,,,,,,,,,,,,,,関連表1_L(車両信頼性)_XQ5.xlsx,,,,,,YES,,,,,,,,,ccm: None,,,,,,,,,,,,,,,,,,,,,,,1,,,,,,,,,,,,,,,,,,,,,
,MSTR-009-0191900-d0001,,,,,,,,,,,,,,,,,,,,,,,,,,,,,,,,,,,,,,,,,,,,,,,,,,,,,,,,,,,,,,,,,,,,,,,,,,,,,,,,,,,,,,,,,,,,,,,,,関連表1_L(車両信頼性)_XQ5.xlsx,,,,,,YES,,,,,,,,,ccm: None,,,,,,,,,,,,,,,,,,,,,,,,,,1,,,,,,,,1,,,,,,,,,,
,MSTR-009-0191900-d00010,,,,,,,,,,,,,,,,,,,,,,,,,,,,,,,,,,,,,,,,,,,,,,,,,,,,,,,,,,,,,,,,,,,,,,,,,,,,,,,,,,,,,,,,,,,,,,,,,関連表1_L(車両信頼性)_XQ5.xlsx,,,,,,YES,,,,,,,,,ccm: None,,,,,,,,,,,,,,,,,,,,,,,,,,,1,,,,,,,,,,,,,,,,,
,MSTR-009-0191900-d0002,,,,,,,,,,,,,,,,,,,,,,,,,,,,,,,,,,,,,,,,,,,,,,,,,,,,,,,,,,,,,,,,,,,,,,,,,,,,,,,,,,,,,,,,,,,,,,,,,関連表1_L(車両信頼性)_XQ5.xlsx,,,,,,YES,,,,,,,,,ccm: None,,,,,,,,,,,,,,,,,,,,,,,,,,,,,,,,,,,,1,,,,,,,,
,MSTR-009-0191900-d0003,,,,,,,,,,,,,,,,,,,,,,,,,,,,,,,,,,,,,,,,,,,,,,,,,,,,,,,,,,,,,,,,,,,,,,,,,,,,,,,,,,,,,,,,,,,,,,,,,関連表1_L(車両信頼性)_XQ5.xlsx,,,,,,YES,,,,,,,,,ccm: None,,,,,,,,,,,,,,,,,,,,,,,,,,,,,,,,,,,,,1,,,,,,,
,MSTR-009-0191900-d0004,,,,,,,,,,,,,,,,,,,,,,,,,,,,,,,,,,,,,,,,,,,,,,,,,,,,,,,,,,,,,,,,,,,,,,,,,,,,,,,,,,,,,,,,,,,,,,,,,関連表1_L(車両信頼性)_XQ5.xlsx,,,,,,YES,,,,,,,,,ccm: None,,,,,,,,,,,,,,,,,,,,,,,,,,,,,,,,,,,,,,,,1,,,,
,MSTR-009-0191900-d0005,,,,,,,,,,,,,,,,,,,,,,,,,,,,,,,,,,,,,,,,,,,,,,,,,,,,,,,,,,,,,,,,,,,,,,,,,,,,,,,,,,,,,,,,,,,,,,,,,関連表1_L(車両信頼性)_XQ5.xlsx,,,,,,YES,,,,,,,,,ccm: None,,,,,,,,,,,,,,,,,,,,,,,,,,,,,,,,,,,,,,,,,1,,,
,MSTR-009-0191900-d0006,,,,,,,,,,,,,,,,,,,,,,,,,,,,,,,,,,,,,,,,,,,,,,,,,,,,,,,,,,,,,,,,,,,,,,,,,,,,,,,,,,,,,,,,,,,,,,,,,関連表1_L(車両信頼性)_XQ5.xlsx,,,,,,YES,,,,,,,,,ccm: None,,,,,,,,,,,,,,,,,,,,,,,,,,,,,,,,,,,,,1,,,,,,,
,MSTR-009-0191900-d0007,,,,,,,,,,,,,,,,,,,,,,,,,,,,,,,,,,,,,,,,,,,,,,,,,,,,,,,,,,,,,,,,,,,,,,,,,,,,,,,,,,,,,,,,,,,,,,,,,関連表1_L(車両信頼性)_XQ5.xlsx,,,,,,YES,,,,,,,,,ccm: None,,,,,,,,,,,,,,,,,,,,,,,,,,,,,,,,,,,,,,1,,,,,,
,MSTR-009-0191900-d0008,,,,,,,,,,,,,,,,,,,,,,,,,,,,,,,,,,,,,,,,,,,,,,,,,,,,,,,,,,,,,,,,,,,,,,,,,,,,,,,,,,,,,,,,,,,,,,,,,関連表1_L(車両信頼性)_XQ5.xlsx,,,,,,YES,,,,,,,,,ccm: None,,,,,,,,,,,,,,,,,,,,,,,,,1,,,,,,,,,,,,,,,,,,,
,MSTR-009-0191900-d0009,,,,,,,,,,,,,,,,,,,,,,,,,,,,,,,,,,,,,,,,,,,,,,,,,,,,,,,,,,,,,,,,,,,,,,,,,,,,,,,,,,,,,,,,,,,,,,,,,関連表1_L(車両信頼性)_XQ5.xlsx,,,,,,YES,,,,,,,,,ccm: None,,,,,,,,,,,,,,,,,,,,,,,,,,1,,,,,,,,,,,,,,,,,,
,MSTR-009-0192000,,,,,,,,,,,,,,,,,,,,,,,,,,,,,,,,,,,,,,,,,,,,,,,,,,,,,,,,,,,,,,,,,,,,,,,,,,,,,,,,,,,,,,,,,,,,,,,,,関連表1_L(車両信頼性)_XQ5.xlsx,,,,,,YES,,,,,,,,,ccm: None,YES,,,,,,,,,ccm: None,,,,,,,,,,,,,1,,,,,,,,,,,,,,,,,,,,,
,MSTR-009-0192000-d0001,,,,,,,,,,,,,,,,,,,,,,,,,,,,,,,,,,,,,,,,,,,,,,,,,,,,,,,,,,,,,,,,,,,,,,,,,,,,,,,,,,,,,,,,,,,,,,,,,関連表1_L(車両信頼性)_XQ5.xlsx,,,,,,YES,,,,,,,,,ccm: None,YES,,,,,,,,,ccm: None,,,,,,,,,,,,,,,1,,,,,,,,,1,,,,,,,,,,
,MSTR-009-0192000-d00010,,,,,,,,,,,,,,,,,,,,,,,,,,,,,,,,,,,,,,,,,,,,,,,,,,,,,,,,,,,,,,,,,,,,,,,,,,,,,,,,,,,,,,,,,,,,,,,,,関連表1_L(車両信頼性)_XQ5.xlsx,,,,,,YES,,,,,,,,,ccm: None,YES,,,,,,,,,ccm: None,,,,,,,,,,,,,,,,,1,,,,,,,,,,,,,,,,,
,MSTR-009-0192000-d0002,,,,,,,,,,,,,,,,,,,,,,,,,,,,,,,,,,,,,,,,,,,,,,,,,,,,,,,,,,,,,,,,,,,,,,,,,,,,,,,,,,,,,,,,,,,,,,,,,関連表1_L(車両信頼性)_XQ5.xlsx,,,,,,YES,,,,,,,,,ccm: None,YES,,,,,,,,,ccm: None,,,,,,,,,,,,,,,,,,,,,,,,,,1,,,,,,,,
,MSTR-009-0192000-d0003,,,,,,,,,,,,,,,,,,,,,,,,,,,,,,,,,,,,,,,,,,,,,,,,,,,,,,,,,,,,,,,,,,,,,,,,,,,,,,,,,,,,,,,,,,,,,,,,,関連表1_L(車両信頼性)_XQ5.xlsx,,,,,,YES,,,,,,,,,ccm: None,YES,,,,,,,,,ccm: None,,,,,,,,,,,,,,,,,,,,,,,,,,,,1,,,,,,
,MSTR-009-0192000-d0004,,,,,,,,,,,,,,,,,,,,,,,,,,,,,,,,,,,,,,,,,,,,,,,,,,,,,,,,,,,,,,,,,,,,,,,,,,,,,,,,,,,,,,,,,,,,,,,,,関連表1_L(車両信頼性)_XQ5.xlsx,,,,,,YES,,,,,,,,,ccm: None,YES,,,,,,,,,ccm: None,,,,,,,,,,,,,,,,,,,,,,,,,,,,,1,,,,,
,MSTR-009-0192000-d0005,,,,,,,,,,,,,,,,,,,,,,,,,,,,,,,,,,,,,,,,,,,,,,,,,,,,,,,,,,,,,,,,,,,,,,,,,,,,,,,,,,,,,,,,,,,,,,,,,関連表1_L(車両信頼性)_XQ5.xlsx,,,,,,YES,,,,,,,,,ccm: None,YES,,,,,,,,,ccm: None,,,,,,,,,,,,,,,,,,,,,,,,,,,,,,,,1,,
,MSTR-009-0192000-d0006,,,,,,,,,,,,,,,,,,,,,,,,,,,,,,,,,,,,,,,,,,,,,,,,,,,,,,,,,,,,,,,,,,,,,,,,,,,,,,,,,,,,,,,,,,,,,,,,,関連表1_L(車両信頼性)_XQ5.xlsx,,,,,,YES,,,,,,,,,ccm: None,YES,,,,,,,,,ccm: None,,,,,,,,,,,,,,,,,,,,,,,,,,,1,,,,,,,
,MSTR-009-0192000-d0007,,,,,,,,,,,,,,,,,,,,,,,,,,,,,,,,,,,,,,,,,,,,,,,,,,,,,,,,,,,,,,,,,,,,,,,,,,,,,,,,,,,,,,,,,,,,,,,,,関連表1_L(車両信頼性)_XQ5.xlsx,,,,,,YES,,,,,,,,,ccm: None,YES,,,,,,,,,ccm: None,,,,,,,,,,,,,,,,,,,,,,,,,,,,1,,,,,,
,MSTR-009-0192000-d0008,,,,,,,,,,,,,,,,,,,,,,,,,,,,,,,,,,,,,,,,,,,,,,,,,,,,,,,,,,,,,,,,,,,,,,,,,,,,,,,,,,,,,,,,,,,,,,,,,関連表1_L(車両信頼性)_XQ5.xlsx,,,,,,YES,,,,,,,,,ccm: None,YES,,,,,,,,,ccm: None,,,,,,,,,,,,,,,1,,,,,,,,,,,,,,,,,,,
,MSTR-009-0192000-d0009,,,,,,,,,,,,,,,,,,,,,,,,,,,,,,,,,,,,,,,,,,,,,,,,,,,,,,,,,,,,,,,,,,,,,,,,,,,,,,,,,,,,,,,,,,,,,,,,,関連表1_L(車両信頼性)_XQ5.xlsx,,,,,,YES,,,,,,,,,ccm: None,YES,,,,,,,,,ccm: None,,,,,,,,,,,,,,,,1,,,,,,,,,,,,,,,,,,
,MSTR-009-0192100,,,,,,,,,,,,,,,,,,,,,,,,,,,,,,,,,,,,,,,,,,,,,,,,,,,,,,,,,,,,,,,,,,,,,,,,,,,,,,,,,,,,,,,,,,,,,,,,,関連表1_L(車両信頼性)_XQ5.xlsx,,,,,,YES,,,,,,,,,ccm: None,YES,,,,,,,,,ccm: None,,,,,,,,,,,,,1,,,,,,,,,,,,,,,,,,,,,
,MSTR-009-0192100-d0001,,,,,,,,,,,,,,,,,,,,,,,,,,,,,,,,,,,,,,,,,,,,,,,,,,,,,,,,,,,,,,,,,,,,,,,,,,,,,,,,,,,,,,,,,,,,,,,,,関連表1_L(車両信頼性)_XQ5.xlsx,,,,,,YES,,,,,,,,,ccm: None,YES,,,,,,,,,ccm: None,,,,,,,,,,,,,,,,1,,,,,,,,1,,,,,,,,,,
,MSTR-009-0192100-d00010,,,,,,,,,,,,,,,,,,,,,,,,,,,,,,,,,,,,,,,,,,,,,,,,,,,,,,,,,,,,,,,,,,,,,,,,,,,,,,,,,,,,,,,,,,,,,,,,,関連表1_L(車両信頼性)_XQ5.xlsx,,,,,,YES,,,,,,,,,ccm: None,YES,,,,,,,,,ccm: None,,,,,,,,,,,,,,,,,1,,,,,,,,,,,,,,,,,
,MSTR-009-0192100-d0002,,,,,,,,,,,,,,,,,,,,,,,,,,,,,,,,,,,,,,,,,,,,,,,,,,,,,,,,,,,,,,,,,,,,,,,,,,,,,,,,,,,,,,,,,,,,,,,,,関連表1_L(車両信頼性)_XQ5.xlsx,,,,,,YES,,,,,,,,,ccm: None,YES,,,,,,,,,ccm: None,,,,,,,,,,,,,,,,,,,,,,,,,,1,,,,,,,,
,MSTR-009-0192100-d0003,,,,,,,,,,,,,,,,,,,,,,,,,,,,,,,,,,,,,,,,,,,,,,,,,,,,,,,,,,,,,,,,,,,,,,,,,,,,,,,,,,,,,,,,,,,,,,,,,関連表1_L(車両信頼性)_XQ5.xlsx,,,,,,YES,,,,,,,,,ccm: None,YES,,,,,,,,,ccm: None,,,,,,,,,,,,,,,,,,,,,,,,,,,,1,,,,,,
,MSTR-009-0192100-d0004,,,,,,,,,,,,,,,,,,,,,,,,,,,,,,,,,,,,,,,,,,,,,,,,,,,,,,,,,,,,,,,,,,,,,,,,,,,,,,,,,,,,,,,,,,,,,,,,,関連表1_L(車両信頼性)_XQ5.xlsx,,,,,,YES,,,,,,,,,ccm: None,YES,,,,,,,,,ccm: None,,,,,,,,,,,,,,,,,,,,,,,,,,,,,1,,,,,
,MSTR-009-0192100-d0005,,,,,,,,,,,,,,,,,,,,,,,,,,,,,,,,,,,,,,,,,,,,,,,,,,,,,,,,,,,,,,,,,,,,,,,,,,,,,,,,,,,,,,,,,,,,,,,,,関連表1_L(車両信頼性)_XQ5.xlsx,,,,,,YES,,,,,,,,,ccm: None,YES,,,,,,,,,ccm: None,,,,,,,,,,,,,,,,,,,,,,,,,,,,,,,1,,,
,MSTR-009-0192100-d0006,,,,,,,,,,,,,,,,,,,,,,,,,,,,,,,,,,,,,,,,,,,,,,,,,,,,,,,,,,,,,,,,,,,,,,,,,,,,,,,,,,,,,,,,,,,,,,,,,関連表1_L(車両信頼性)_XQ5.xlsx,,,,,,YES,,,,,,,,,ccm: None,YES,,,,,,,,,ccm: None,,,,,,,,,,,,,,,,,,,,,,,,,,,1,,,,,,,
,MSTR-009-0192100-d0007,,,,,,,,,,,,,,,,,,,,,,,,,,,,,,,,,,,,,,,,,,,,,,,,,,,,,,,,,,,,,,,,,,,,,,,,,,,,,,,,,,,,,,,,,,,,,,,,,関連表1_L(車両信頼性)_XQ5.xlsx,,,,,,YES,,,,,,,,,ccm: None,YES,,,,,,,,,ccm: None,,,,,,,,,,,,,,,,,,,,,,,,,,,,1,,,,,,
,MSTR-009-0192100-d0008,,,,,,,,,,,,,,,,,,,,,,,,,,,,,,,,,,,,,,,,,,,,,,,,,,,,,,,,,,,,,,,,,,,,,,,,,,,,,,,,,,,,,,,,,,,,,,,,,関連表1_L(車両信頼性)_XQ5.xlsx,,,,,,YES,,,,,,,,,ccm: None,YES,,,,,,,,,ccm: None,,,,,,,,,,,,,,,1,,,,,,,,,,,,,,,,,,,
,MSTR-009-0192100-d0009,,,,,,,,,,,,,,,,,,,,,,,,,,,,,,,,,,,,,,,,,,,,,,,,,,,,,,,,,,,,,,,,,,,,,,,,,,,,,,,,,,,,,,,,,,,,,,,,,関連表1_L(車両信頼性)_XQ5.xlsx,,,,,,YES,,,,,,,,,ccm: None,YES,,,,,,,,,ccm: None,,,,,,,,,,,,,,,,1,,,,,,,,,,,,,,,,,,
,MSTR-009-0192200,,,,,,,,,,,,,,,,,,,,,,,,,,,,,,,,,,,,,,,,,,,,,,,,,,,,,,,,,,,,,,,,,,,,,,,,,,,,,,,,,,,,,,,,,,,,,,,,,関連表1_L(車両信頼性)_XQ5.xlsx,,,,,,YES,,,,,,,,,ccm: None,YES,,,,,,,,,ccm: None,,,,,,,,,,,,,1,,,,,,,,,,,,,,,,,,,,,
,MSTR-009-0192200-d0001,,,,,,,,,,,,,,,,,,,,,,,,,,,,,,,,,,,,,,,,,,,,,,,,,,,,,,,,,,,,,,,,,,,,,,,,,,,,,,,,,,,,,,,,,,,,,,,,,関連表1_L(車両信頼性)_XQ5.xlsx,,,,,,YES,,,,,,,,,ccm: None,YES,,,,,,,,,ccm: None,,,,,,,,,,,,,,,1,,,,,,,,,1,,,,,,,,,,
,MSTR-009-0192200-d00010,,,,,,,,,,,,,,,,,,,,,,,,,,,,,,,,,,,,,,,,,,,,,,,,,,,,,,,,,,,,,,,,,,,,,,,,,,,,,,,,,,,,,,,,,,,,,,,,,関連表1_L(車両信頼性)_XQ5.xlsx,,,,,,YES,,,,,,,,,ccm: None,YES,,,,,,,,,ccm: None,,,,,,,,,,,,,,,,,1,,,,,,,,,,,,,,,,,
,MSTR-009-0192200-d0002,,,,,,,,,,,,,,,,,,,,,,,,,,,,,,,,,,,,,,,,,,,,,,,,,,,,,,,,,,,,,,,,,,,,,,,,,,,,,,,,,,,,,,,,,,,,,,,,,関連表1_L(車両信頼性)_XQ5.xlsx,,,,,,YES,,,,,,,,,ccm: None,YES,,,,,,,,,ccm: None,,,,,,,,,,,,,,,,,,,,,,,,,1,,,,,,,,,
,MSTR-009-0192200-d0003,,,,,,,,,,,,,,,,,,,,,,,,,,,,,,,,,,,,,,,,,,,,,,,,,,,,,,,,,,,,,,,,,,,,,,,,,,,,,,,,,,,,,,,,,,,,,,,,,関連表1_L(車両信頼性)_XQ5.xlsx,,,,,,YES,,,,,,,,,ccm: None,YES,,,,,,,,,ccm: None,,,,,,,,,,,,,,,,,,,,,,,,,,,,1,,,,,,
,MSTR-009-0192200-d0004,,,,,,,,,,,,,,,,,,,,,,,,,,,,,,,,,,,,,,,,,,,,,,,,,,,,,,,,,,,,,,,,,,,,,,,,,,,,,,,,,,,,,,,,,,,,,,,,,関連表1_L(車両信頼性)_XQ5.xlsx,,,,,,YES,,,,,,,,,ccm: None,YES,,,,,,,,,ccm: None,,,,,,,,,,,,,,,,,,,,,,,,,,,,,1,,,,,
,MSTR-009-0192200-d0005,,,,,,,,,,,,,,,,,,,,,,,,,,,,,,,,,,,,,,,,,,,,,,,,,,,,,,,,,,,,,,,,,,,,,,,,,,,,,,,,,,,,,,,,,,,,,,,,,関連表1_L(車両信頼性)_XQ5.xlsx,,,,,,YES,,,,,,,,,ccm: None,YES,,,,,,,,,ccm: None,,,,,,,,,,,,,,,,,,,,,,,,,,,,,,,1,,,
,MSTR-009-0192200-d0006,,,,,,,,,,,,,,,,,,,,,,,,,,,,,,,,,,,,,,,,,,,,,,,,,,,,,,,,,,,,,,,,,,,,,,,,,,,,,,,,,,,,,,,,,,,,,,,,,関連表1_L(車両信頼性)_XQ5.xlsx,,,,,,YES,,,,,,,,,ccm: None,YES,,,,,,,,,ccm: None,,,,,,,,,,,,,,,,,,,,,,,,,,,1,,,,,,,
,MSTR-009-0192200-d0007,,,,,,,,,,,,,,,,,,,,,,,,,,,,,,,,,,,,,,,,,,,,,,,,,,,,,,,,,,,,,,,,,,,,,,,,,,,,,,,,,,,,,,,,,,,,,,,,,関連表1_L(車両信頼性)_XQ5.xlsx,,,,,,YES,,,,,,,,,ccm: None,YES,,,,,,,,,ccm: None,,,,,,,,,,,,,,,,,,,,,,,,,,,,1,,,,,,
,MSTR-009-0192200-d0008,,,,,,,,,,,,,,,,,,,,,,,,,,,,,,,,,,,,,,,,,,,,,,,,,,,,,,,,,,,,,,,,,,,,,,,,,,,,,,,,,,,,,,,,,,,,,,,,,関連表1_L(車両信頼性)_XQ5.xlsx,,,,,,YES,,,,,,,,,ccm: None,YES,,,,,,,,,ccm: None,,,,,,,,,,,,,,,1,,,,,,,,,,,,,,,,,,,
,MSTR-009-0192200-d0009,,,,,,,,,,,,,,,,,,,,,,,,,,,,,,,,,,,,,,,,,,,,,,,,,,,,,,,,,,,,,,,,,,,,,,,,,,,,,,,,,,,,,,,,,,,,,,,,,関連表1_L(車両信頼性)_XQ5.xlsx,,,,,,YES,,,,,,,,,ccm: None,YES,,,,,,,,,ccm: None,,,,,,,,,,,,,,,,1,,,,,,,,,,,,,,,,,,
,MSTR-009-0192300,,,,,,,,,,,,,,,,,,,,,,,,,,,,,,,,,,,,,,,,,,,,,,,,,,,,,,,,,,,,,,,,,,,,,,,,,,,,,,,,,,,,,,,,,,,,,,,,,関連表1_L(車両信頼性)_XQ5.xlsx,,,,,,YES,,,,,,,,,ccm: None,YES,,,,,,,,,ccm: None,,,,,,,,,,,,,1,,,,,,,,,,,,,,,,,,,,,
,MSTR-009-0192300-d0001,,,,,,,,,,,,,,,,,,,,,,,,,,,,,,,,,,,,,,,,,,,,,,,,,,,,,,,,,,,,,,,,,,,,,,,,,,,,,,,,,,,,,,,,,,,,,,,,,関連表1_L(車両信頼性)_XQ5.xlsx,,,,,,YES,,,,,,,,,ccm: None,YES,,,,,,,,,ccm: None,,,,,,,,,,,,,,,1,,,,,,,,,1,,,,,,,,,,
,MSTR-009-0192300-d00010,,,,,,,,,,,,,,,,,,,,,,,,,,,,,,,,,,,,,,,,,,,,,,,,,,,,,,,,,,,,,,,,,,,,,,,,,,,,,,,,,,,,,,,,,,,,,,,,,関連表1_L(車両信頼性)_XQ5.xlsx,,,,,,YES,,,,,,,,,ccm: None,YES,,,,,,,,,ccm: None,,,,,,,,,,,,,,,,,1,,,,,,,,,,,,,,,,,
,MSTR-009-0192300-d0002,,,,,,,,,,,,,,,,,,,,,,,,,,,,,,,,,,,,,,,,,,,,,,,,,,,,,,,,,,,,,,,,,,,,,,,,,,,,,,,,,,,,,,,,,,,,,,,,,関連表1_L(車両信頼性)_XQ5.xlsx,,,,,,YES,,,,,,,,,ccm: None,YES,,,,,,,,,ccm: None,,,,,,,,,,,,,,,,,,,,,,,,,,1,,,,,,,,
,MSTR-009-0192300-d0003,,,,,,,,,,,,,,,,,,,,,,,,,,,,,,,,,,,,,,,,,,,,,,,,,,,,,,,,,,,,,,,,,,,,,,,,,,,,,,,,,,,,,,,,,,,,,,,,,関連表1_L(車両信頼性)_XQ5.xlsx,,,,,,YES,,,,,,,,,ccm: None,YES,,,,,,,,,ccm: None,,,,,,,,,,,,,,,,,,,,,,,,,,,1,,,,,,,
,MSTR-009-0192300-d0004,,,,,,,,,,,,,,,,,,,,,,,,,,,,,,,,,,,,,,,,,,,,,,,,,,,,,,,,,,,,,,,,,,,,,,,,,,,,,,,,,,,,,,,,,,,,,,,,,関連表1_L(車両信頼性)_XQ5.xlsx,,,,,,YES,,,,,,,,,ccm: None,YES,,,,,,,,,ccm: None,,,,,,,,,,,,,,,,,,,,,,,,,,,,,,1,,,,
,MSTR-009-0192300-d0005,,,,,,,,,,,,,,,,,,,,,,,,,,,,,,,,,,,,,,,,,,,,,,,,,,,,,,,,,,,,,,,,,,,,,,,,,,,,,,,,,,,,,,,,,,,,,,,,,関連表1_L(車両信頼性)_XQ5.xlsx,,,,,,YES,,,,,,,,,ccm: None,YES,,,,,,,,,ccm: None,,,,,,,,,,,,,,,,,,,,,,,,,,,,,,,1,,,
,MSTR-009-0192300-d0006,,,,,,,,,,,,,,,,,,,,,,,,,,,,,,,,,,,,,,,,,,,,,,,,,,,,,,,,,,,,,,,,,,,,,,,,,,,,,,,,,,,,,,,,,,,,,,,,,関連表1_L(車両信頼性)_XQ5.xlsx,,,,,,YES,,,,,,,,,ccm: None,YES,,,,,,,,,ccm: None,,,,,,,,,,,,,,,,,,,,,,,,,,,1,,,,,,,
,MSTR-009-0192300-d0007,,,,,,,,,,,,,,,,,,,,,,,,,,,,,,,,,,,,,,,,,,,,,,,,,,,,,,,,,,,,,,,,,,,,,,,,,,,,,,,,,,,,,,,,,,,,,,,,,関連表1_L(車両信頼性)_XQ5.xlsx,,,,,,YES,,,,,,,,,ccm: None,YES,,,,,,,,,ccm: None,,,,,,,,,,,,,,,,,,,,,,,,,,,,1,,,,,,
,MSTR-009-0192300-d0008,,,,,,,,,,,,,,,,,,,,,,,,,,,,,,,,,,,,,,,,,,,,,,,,,,,,,,,,,,,,,,,,,,,,,,,,,,,,,,,,,,,,,,,,,,,,,,,,,関連表1_L(車両信頼性)_XQ5.xlsx,,,,,,YES,,,,,,,,,ccm: None,YES,,,,,,,,,ccm: None,,,,,,,,,,,,,,,1,,,,,,,,,,,,,,,,,,,
,MSTR-009-0192300-d0009,,,,,,,,,,,,,,,,,,,,,,,,,,,,,,,,,,,,,,,,,,,,,,,,,,,,,,,,,,,,,,,,,,,,,,,,,,,,,,,,,,,,,,,,,,,,,,,,,関連表1_L(車両信頼性)_XQ5.xlsx,,,,,,YES,,,,,,,,,ccm: None,YES,,,,,,,,,ccm: None,,,,,,,,,,,,,,,,1,,,,,,,,,,,,,,,,,,
,MSTR-009-0192400,,,,,,,,,,,,,,,,,,,,,,,,,,,,,,,,,,,,,,,,,,,,,,,,,,,,,,,,,,,,,,,,,,,,,,,,,,,,,,,,,,,,,,,,,,,,,,,,,関連表1_L(車両信頼性)_XQ5.xlsx,,,,,,YES,,,,,,,,,ccm: None,YES,,,,,,,,,ccm: None,,,,,,,,,,,,,1,,,,,,,,,,,,,,,,,,,,,
,MSTR-009-0192400-d0001,,,,,,,,,,,,,,,,,,,,,,,,,,,,,,,,,,,,,,,,,,,,,,,,,,,,,,,,,,,,,,,,,,,,,,,,,,,,,,,,,,,,,,,,,,,,,,,,,関連表1_L(車両信頼性)_XQ5.xlsx,,,,,,YES,,,,,,,,,ccm: None,YES,,,,,,,,,ccm: None,,,,,,,,,,,,,,,1,,,,,,,,,1,,,,,,,,,,
,MSTR-009-0192400-d00010,,,,,,,,,,,,,,,,,,,,,,,,,,,,,,,,,,,,,,,,,,,,,,,,,,,,,,,,,,,,,,,,,,,,,,,,,,,,,,,,,,,,,,,,,,,,,,,,,関連表1_L(車両信頼性)_XQ5.xlsx,,,,,,YES,,,,,,,,,ccm: None,YES,,,,,,,,,ccm: None,,,,,,,,,,,,,,,,,1,,,,,,,,,,,,,,,,,
,MSTR-009-0192400-d0002,,,,,,,,,,,,,,,,,,,,,,,,,,,,,,,,,,,,,,,,,,,,,,,,,,,,,,,,,,,,,,,,,,,,,,,,,,,,,,,,,,,,,,,,,,,,,,,,,関連表1_L(車両信頼性)_XQ5.xlsx,,,,,,YES,,,,,,,,,ccm: None,YES,,,,,,,,,ccm: None,,,,,,,,,,,,,,,,,,,,,,,,,,1,,,,,,,,
,MSTR-009-0192400-d0003,,,,,,,,,,,,,,,,,,,,,,,,,,,,,,,,,,,,,,,,,,,,,,,,,,,,,,,,,,,,,,,,,,,,,,,,,,,,,,,,,,,,,,,,,,,,,,,,,関連表1_L(車両信頼性)_XQ5.xlsx,,,,,,YES,,,,,,,,,ccm: None,YES,,,,,,,,,ccm: None,,,,,,,,,,,,,,,,,,,,,,,,,,,1,,,,,,,
,MSTR-009-0192400-d0004,,,,,,,,,,,,,,,,,,,,,,,,,,,,,,,,,,,,,,,,,,,,,,,,,,,,,,,,,,,,,,,,,,,,,,,,,,,,,,,,,,,,,,,,,,,,,,,,,関連表1_L(車両信頼性)_XQ5.xlsx,,,,,,YES,,,,,,,,,ccm: None,YES,,,,,,,,,ccm: None,,,,,,,,,,,,,,,,,,,,,,,,,,,,,,1,,,,
,MSTR-009-0192400-d0005,,,,,,,,,,,,,,,,,,,,,,,,,,,,,,,,,,,,,,,,,,,,,,,,,,,,,,,,,,,,,,,,,,,,,,,,,,,,,,,,,,,,,,,,,,,,,,,,,関連表1_L(車両信頼性)_XQ5.xlsx,,,,,,YES,,,,,,,,,ccm: None,YES,,,,,,,,,ccm: None,,,,,,,,,,,,,,,,,,,,,,,,,,,,,,,1,,,
,MSTR-009-0192400-d0006,,,,,,,,,,,,,,,,,,,,,,,,,,,,,,,,,,,,,,,,,,,,,,,,,,,,,,,,,,,,,,,,,,,,,,,,,,,,,,,,,,,,,,,,,,,,,,,,,関連表1_L(車両信頼性)_XQ5.xlsx,,,,,,YES,,,,,,,,,ccm: None,YES,,,,,,,,,ccm: None,,,,,,,,,,,,,,,,,,,,,,,,,,,1,,,,,,,
,MSTR-009-0192400-d0007,,,,,,,,,,,,,,,,,,,,,,,,,,,,,,,,,,,,,,,,,,,,,,,,,,,,,,,,,,,,,,,,,,,,,,,,,,,,,,,,,,,,,,,,,,,,,,,,,関連表1_L(車両信頼性)_XQ5.xlsx,,,,,,YES,,,,,,,,,ccm: None,YES,,,,,,,,,ccm: None,,,,,,,,,,,,,,,,,,,,,,,,,,,,1,,,,,,
,MSTR-009-0192400-d0008,,,,,,,,,,,,,,,,,,,,,,,,,,,,,,,,,,,,,,,,,,,,,,,,,,,,,,,,,,,,,,,,,,,,,,,,,,,,,,,,,,,,,,,,,,,,,,,,,関連表1_L(車両信頼性)_XQ5.xlsx,,,,,,YES,,,,,,,,,ccm: None,YES,,,,,,,,,ccm: None,,,,,,,,,,,,,,,1,,,,,,,,,,,,,,,,,,,
,MSTR-009-0192400-d0009,,,,,,,,,,,,,,,,,,,,,,,,,,,,,,,,,,,,,,,,,,,,,,,,,,,,,,,,,,,,,,,,,,,,,,,,,,,,,,,,,,,,,,,,,,,,,,,,,関連表1_L(車両信頼性)_XQ5.xlsx,,,,,,YES,,,,,,,,,ccm: None,YES,,,,,,,,,ccm: None,,,,,,,,,,,,,,,,1,,,,,,,,,,,,,,,,,,
,MSTR-009-0192500,,,,,,,,,,,,,,,,,,,,,,,,,,,,,,,,,,,,,,,,,,,,,,,,,,,,,,,,,,,,,,,,,,,,,,,,,,,,,,,,,,,,,,,,,,,,,,,,,関連表1_L(車両信頼性)_XQ5.xlsx,,,,,,YES,,,,,,,,,ccm: None,YES,,,,,,,,,ccm: None,,,,,,,,,,,,,1,,,,,,,,,,,,,,,,,,,,,
,MSTR-009-0192500-d0001,,,,,,,,,,,,,,,,,,,,,,,,,,,,,,,,,,,,,,,,,,,,,,,,,,,,,,,,,,,,,,,,,,,,,,,,,,,,,,,,,,,,,,,,,,,,,,,,,関連表1_L(車両信頼性)_XQ5.xlsx,,,,,,YES,,,,,,,,,ccm: None,YES,,,,,,,,,ccm: None,,,,,,,,,,,,,,,1,,,,,,,,,1,,,,,,,,,,
,MSTR-009-0192500-d00010,,,,,,,,,,,,,,,,,,,,,,,,,,,,,,,,,,,,,,,,,,,,,,,,,,,,,,,,,,,,,,,,,,,,,,,,,,,,,,,,,,,,,,,,,,,,,,,,,関連表1_L(車両信頼性)_XQ5.xlsx,,,,,,YES,,,,,,,,,ccm: None,YES,,,,,,,,,ccm: None,,,,,,,,,,,,,,,,,1,,,,,,,,,,,,,,,,,
,MSTR-009-0192500-d0002,,,,,,,,,,,,,,,,,,,,,,,,,,,,,,,,,,,,,,,,,,,,,,,,,,,,,,,,,,,,,,,,,,,,,,,,,,,,,,,,,,,,,,,,,,,,,,,,,関連表1_L(車両信頼性)_XQ5.xlsx,,,,,,YES,,,,,,,,,ccm: None,YES,,,,,,,,,ccm: None,,,,,,,,,,,,,,,,,,,,,,,,,,1,,,,,,,,
,MSTR-009-0192500-d0003,,,,,,,,,,,,,,,,,,,,,,,,,,,,,,,,,,,,,,,,,,,,,,,,,,,,,,,,,,,,,,,,,,,,,,,,,,,,,,,,,,,,,,,,,,,,,,,,,関連表1_L(車両信頼性)_XQ5.xlsx,,,,,,YES,,,,,,,,,ccm: None,YES,,,,,,,,,ccm: None,,,,,,,,,,,,,,,,,,,,,,,,,,,,1,,,,,,
,MSTR-009-0192500-d0004,,,,,,,,,,,,,,,,,,,,,,,,,,,,,,,,,,,,,,,,,,,,,,,,,,,,,,,,,,,,,,,,,,,,,,,,,,,,,,,,,,,,,,,,,,,,,,,,,関連表1_L(車両信頼性)_XQ5.xlsx,,,,,,YES,,,,,,,,,ccm: None,YES,,,,,,,,,ccm: None,,,,,,,,,,,,,,,,,,,,,,,,,,,,,,1,,,,
,MSTR-009-0192500-d0005,,,,,,,,,,,,,,,,,,,,,,,,,,,,,,,,,,,,,,,,,,,,,,,,,,,,,,,,,,,,,,,,,,,,,,,,,,,,,,,,,,,,,,,,,,,,,,,,,関連表1_L(車両信頼性)_XQ5.xlsx,,,,,,YES,,,,,,,,,ccm: None,YES,,,,,,,,,ccm: None,,,,,,,,,,,,,,,,,,,,,,,,,,,,,,,,1,,
,MSTR-009-0192500-d0006,,,,,,,,,,,,,,,,,,,,,,,,,,,,,,,,,,,,,,,,,,,,,,,,,,,,,,,,,,,,,,,,,,,,,,,,,,,,,,,,,,,,,,,,,,,,,,,,,関連表1_L(車両信頼性)_XQ5.xlsx,,,,,,YES,,,,,,,,,ccm: None,YES,,,,,,,,,ccm: None,,,,,,,,,,,,,,,,,,,,,,,,,,,1,,,,,,,
,MSTR-009-0192500-d0007,,,,,,,,,,,,,,,,,,,,,,,,,,,,,,,,,,,,,,,,,,,,,,,,,,,,,,,,,,,,,,,,,,,,,,,,,,,,,,,,,,,,,,,,,,,,,,,,,関連表1_L(車両信頼性)_XQ5.xlsx,,,,,,YES,,,,,,,,,ccm: None,YES,,,,,,,,,ccm: None,,,,,,,,,,,,,,,,,,,,,,,,,,,,1,,,,,,
,MSTR-009-0192500-d0008,,,,,,,,,,,,,,,,,,,,,,,,,,,,,,,,,,,,,,,,,,,,,,,,,,,,,,,,,,,,,,,,,,,,,,,,,,,,,,,,,,,,,,,,,,,,,,,,,関連表1_L(車両信頼性)_XQ5.xlsx,,,,,,YES,,,,,,,,,ccm: None,YES,,,,,,,,,ccm: None,,,,,,,,,,,,,,,1,,,,,,,,,,,,,,,,,,,
,MSTR-009-0192500-d0009,,,,,,,,,,,,,,,,,,,,,,,,,,,,,,,,,,,,,,,,,,,,,,,,,,,,,,,,,,,,,,,,,,,,,,,,,,,,,,,,,,,,,,,,,,,,,,,,,関連表1_L(車両信頼性)_XQ5.xlsx,,,,,,YES,,,,,,,,,ccm: None,YES,,,,,,,,,ccm: None,,,,,,,,,,,,,,,,1,,,,,,,,,,,,,,,,,,
,MSTR-009-0192600,,,,,,,,,,,,,,,,,,,,,,,,,,,,,,,,,,,,,,,,,,,,,,,,,,,,,,,,,,,,,,,,,,,,,,,,,,,,,,,,,,,,,,,,,,,,,,,,,関連表1_L(車両信頼性)_XQ5.xlsx,,,,,,YES,,,,,,,,,ccm: None,YES,,,,,,,,,ccm: None,,,,,,,,,,,,,1,,,,,,,,,,,,,,,,,,,,,
,MSTR-009-0192600-d0001,,,,,,,,,,,,,,,,,,,,,,,,,,,,,,,,,,,,,,,,,,,,,,,,,,,,,,,,,,,,,,,,,,,,,,,,,,,,,,,,,,,,,,,,,,,,,,,,,関連表1_L(車両信頼性)_XQ5.xlsx,,,,,,YES,,,,,,,,,ccm: None,YES,,,,,,,,,ccm: None,,,,,,,,,,,,,,,1,,,,,,,,,1,,,,,,,,,,
,MSTR-009-0192600-d00010,,,,,,,,,,,,,,,,,,,,,,,,,,,,,,,,,,,,,,,,,,,,,,,,,,,,,,,,,,,,,,,,,,,,,,,,,,,,,,,,,,,,,,,,,,,,,,,,,関連表1_L(車両信頼性)_XQ5.xlsx,,,,,,YES,,,,,,,,,ccm: None,YES,,,,,,,,,ccm: None,,,,,,,,,,,,,,,,,1,,,,,,,,,,,,,,,,,
,MSTR-009-0192600-d0002,,,,,,,,,,,,,,,,,,,,,,,,,,,,,,,,,,,,,,,,,,,,,,,,,,,,,,,,,,,,,,,,,,,,,,,,,,,,,,,,,,,,,,,,,,,,,,,,,関連表1_L(車両信頼性)_XQ5.xlsx,,,,,,YES,,,,,,,,,ccm: None,YES,,,,,,,,,ccm: None,,,,,,,,,,,,,,,,,,,,,,,,,,1,,,,,,,,
,MSTR-009-0192600-d0003,,,,,,,,,,,,,,,,,,,,,,,,,,,,,,,,,,,,,,,,,,,,,,,,,,,,,,,,,,,,,,,,,,,,,,,,,,,,,,,,,,,,,,,,,,,,,,,,,関連表1_L(車両信頼性)_XQ5.xlsx,,,,,,YES,,,,,,,,,ccm: None,YES,,,,,,,,,ccm: None,,,,,,,,,,,,,,,,,,,,,,,,,,,,1,,,,,,
,MSTR-009-0192600-d0004,,,,,,,,,,,,,,,,,,,,,,,,,,,,,,,,,,,,,,,,,,,,,,,,,,,,,,,,,,,,,,,,,,,,,,,,,,,,,,,,,,,,,,,,,,,,,,,,,関連表1_L(車両信頼性)_XQ5.xlsx,,,,,,YES,,,,,,,,,ccm: None,YES,,,,,,,,,ccm: None,,,,,,,,,,,,,,,,,,,,,,,,,,,,,1,,,,,
,MSTR-009-0192600-d0005,,,,,,,,,,,,,,,,,,,,,,,,,,,,,,,,,,,,,,,,,,,,,,,,,,,,,,,,,,,,,,,,,,,,,,,,,,,,,,,,,,,,,,,,,,,,,,,,,関連表1_L(車両信頼性)_XQ5.xlsx,,,,,,YES,,,,,,,,,ccm: None,YES,,,,,,,,,ccm: None,,,,,,,,,,,,,,,,,,,,,,,,,,,,,,,,1,,
,MSTR-009-0192600-d0006,,,,,,,,,,,,,,,,,,,,,,,,,,,,,,,,,,,,,,,,,,,,,,,,,,,,,,,,,,,,,,,,,,,,,,,,,,,,,,,,,,,,,,,,,,,,,,,,,関連表1_L(車両信頼性)_XQ5.xlsx,,,,,,YES,,,,,,,,,ccm: None,YES,,,,,,,,,ccm: None,,,,,,,,,,,,,,,,,,,,,,,,,,,1,,,,,,,
,MSTR-009-0192600-d0007,,,,,,,,,,,,,,,,,,,,,,,,,,,,,,,,,,,,,,,,,,,,,,,,,,,,,,,,,,,,,,,,,,,,,,,,,,,,,,,,,,,,,,,,,,,,,,,,,関連表1_L(車両信頼性)_XQ5.xlsx,,,,,,YES,,,,,,,,,ccm: None,YES,,,,,,,,,ccm: None,,,,,,,,,,,,,,,,,,,,,,,,,,,,1,,,,,,
,MSTR-009-0192600-d0008,,,,,,,,,,,,,,,,,,,,,,,,,,,,,,,,,,,,,,,,,,,,,,,,,,,,,,,,,,,,,,,,,,,,,,,,,,,,,,,,,,,,,,,,,,,,,,,,,関連表1_L(車両信頼性)_XQ5.xlsx,,,,,,YES,,,,,,,,,ccm: None,YES,,,,,,,,,ccm: None,,,,,,,,,,,,,,,1,,,,,,,,,,,,,,,,,,,
,MSTR-009-0192600-d0009,,,,,,,,,,,,,,,,,,,,,,,,,,,,,,,,,,,,,,,,,,,,,,,,,,,,,,,,,,,,,,,,,,,,,,,,,,,,,,,,,,,,,,,,,,,,,,,,,関連表1_L(車両信頼性)_XQ5.xlsx,,,,,,YES,,,,,,,,,ccm: None,YES,,,,,,,,,ccm: None,,,,,,,,,,,,,,,,1,,,,,,,,,,,,,,,,,,
,MSTR-009-0192700,,,,,,,,,,,,,,,,,,,,,,,,,,,,,,,,,,,,,,,,,,,,,,,,,,,,,,,,,,,,,,,,,,,,,,,,,,,,,,,,,,,,,,,,,,,,,,,,,関連表1_L(車両信頼性)_XQ5.xlsx,,,,,,YES,,,,,,,,,ccm: None,YES,,,,,,,,,ccm: None,,,,,,,,,,,,,1,,,,,,,,,,,,,,,,,,,,,
,MSTR-009-0192700-d0001,,,,,,,,,,,,,,,,,,,,,,,,,,,,,,,,,,,,,,,,,,,,,,,,,,,,,,,,,,,,,,,,,,,,,,,,,,,,,,,,,,,,,,,,,,,,,,,,,関連表1_L(車両信頼性)_XQ5.xlsx,,,,,,YES,,,,,,,,,ccm: None,YES,,,,,,,,,ccm: None,,,,,,,,,,,,,,,1,,,,,,,,,1,,,,,,,,,,
,MSTR-009-0192700-d00010,,,,,,,,,,,,,,,,,,,,,,,,,,,,,,,,,,,,,,,,,,,,,,,,,,,,,,,,,,,,,,,,,,,,,,,,,,,,,,,,,,,,,,,,,,,,,,,,,関連表1_L(車両信頼性)_XQ5.xlsx,,,,,,YES,,,,,,,,,ccm: None,YES,,,,,,,,,ccm: None,,,,,,,,,,,,,,,,,1,,,,,,,,,,,,,,,,,
,MSTR-009-0192700-d0002,,,,,,,,,,,,,,,,,,,,,,,,,,,,,,,,,,,,,,,,,,,,,,,,,,,,,,,,,,,,,,,,,,,,,,,,,,,,,,,,,,,,,,,,,,,,,,,,,関連表1_L(車両信頼性)_XQ5.xlsx,,,,,,YES,,,,,,,,,ccm: None,YES,,,,,,,,,ccm: None,,,,,,,,,,,,,,,,,,,,,,,,,1,,,,,,,,,
,MSTR-009-0192700-d0003,,,,,,,,,,,,,,,,,,,,,,,,,,,,,,,,,,,,,,,,,,,,,,,,,,,,,,,,,,,,,,,,,,,,,,,,,,,,,,,,,,,,,,,,,,,,,,,,,関連表1_L(車両信頼性)_XQ5.xlsx,,,,,,YES,,,,,,,,,ccm: None,YES,,,,,,,,,ccm: None,,,,,,,,,,,,,,,,,,,,,,,,,,,1,,,,,,,
,MSTR-009-0192700-d0004,,,,,,,,,,,,,,,,,,,,,,,,,,,,,,,,,,,,,,,,,,,,,,,,,,,,,,,,,,,,,,,,,,,,,,,,,,,,,,,,,,,,,,,,,,,,,,,,,関連表1_L(車両信頼性)_XQ5.xlsx,,,,,,YES,,,,,,,,,ccm: None,YES,,,,,,,,,ccm: None,,,,,,,,,,,,,,,,,,,,,,,,,,,,,,1,,,,
,MSTR-009-0192700-d0005,,,,,,,,,,,,,,,,,,,,,,,,,,,,,,,,,,,,,,,,,,,,,,,,,,,,,,,,,,,,,,,,,,,,,,,,,,,,,,,,,,,,,,,,,,,,,,,,,関連表1_L(車両信頼性)_XQ5.xlsx,,,,,,YES,,,,,,,,,ccm: None,YES,,,,,,,,,ccm: None,,,,,,,,,,,,,,,,,,,,,,,,,,,,,,,1,,,
,MSTR-009-0192700-d0006,,,,,,,,,,,,,,,,,,,,,,,,,,,,,,,,,,,,,,,,,,,,,,,,,,,,,,,,,,,,,,,,,,,,,,,,,,,,,,,,,,,,,,,,,,,,,,,,,関連表1_L(車両信頼性)_XQ5.xlsx,,,,,,YES,,,,,,,,,ccm: None,YES,,,,,,,,,ccm: None,,,,,,,,,,,,,,,,,,,,,,,,,,,1,,,,,,,
,MSTR-009-0192700-d0007,,,,,,,,,,,,,,,,,,,,,,,,,,,,,,,,,,,,,,,,,,,,,,,,,,,,,,,,,,,,,,,,,,,,,,,,,,,,,,,,,,,,,,,,,,,,,,,,,関連表1_L(車両信頼性)_XQ5.xlsx,,,,,,YES,,,,,,,,,ccm: None,YES,,,,,,,,,ccm: None,,,,,,,,,,,,,,,,,,,,,,,,,,,,1,,,,,,
,MSTR-009-0192700-d0008,,,,,,,,,,,,,,,,,,,,,,,,,,,,,,,,,,,,,,,,,,,,,,,,,,,,,,,,,,,,,,,,,,,,,,,,,,,,,,,,,,,,,,,,,,,,,,,,,関連表1_L(車両信頼性)_XQ5.xlsx,,,,,,YES,,,,,,,,,ccm: None,YES,,,,,,,,,ccm: None,,,,,,,,,,,,,,,1,,,,,,,,,,,,,,,,,,,
,MSTR-009-0192700-d0009,,,,,,,,,,,,,,,,,,,,,,,,,,,,,,,,,,,,,,,,,,,,,,,,,,,,,,,,,,,,,,,,,,,,,,,,,,,,,,,,,,,,,,,,,,,,,,,,,関連表1_L(車両信頼性)_XQ5.xlsx,,,,,,YES,,,,,,,,,ccm: None,YES,,,,,,,,,ccm: None,,,,,,,,,,,,,,,,1,,,,,,,,,,,,,,,,,,
,MSTR-009-0192800,,,,,,,,,,,,,,,,,,,,,,,,,,,,,,,,,,,,,,,,,,,,,,,,,,,,,,,,,,,,,,,,,,,,,,,,,,,,,,,,,,,,,,,,,,,,,,,,,関連表1_L(車両信頼性)_XQ5.xlsx,,,,,,YES,,,,,,,,,ccm: None,YES,,,,,,,,,ccm: None,,,,,,,,,,,,,1,,,,,,,,,,,,,,,,,,,,,
,MSTR-009-0192800-d0001,,,,,,,,,,,,,,,,,,,,,,,,,,,,,,,,,,,,,,,,,,,,,,,,,,,,,,,,,,,,,,,,,,,,,,,,,,,,,,,,,,,,,,,,,,,,,,,,,関連表1_L(車両信頼性)_XQ5.xlsx,,,,,,YES,,,,,,,,,ccm: None,YES,,,,,,,,,ccm: None,,,,,,,,,,,,,,,1,,,,,,,,,1,,,,,,,,,,
,MSTR-009-0192800-d00010,,,,,,,,,,,,,,,,,,,,,,,,,,,,,,,,,,,,,,,,,,,,,,,,,,,,,,,,,,,,,,,,,,,,,,,,,,,,,,,,,,,,,,,,,,,,,,,,,関連表1_L(車両信頼性)_XQ5.xlsx,,,,,,YES,,,,,,,,,ccm: None,YES,,,,,,,,,ccm: None,,,,,,,,,,,,,,,,,1,,,,,,,,,,,,,,,,,
,MSTR-009-0192800-d0002,,,,,,,,,,,,,,,,,,,,,,,,,,,,,,,,,,,,,,,,,,,,,,,,,,,,,,,,,,,,,,,,,,,,,,,,,,,,,,,,,,,,,,,,,,,,,,,,,関連表1_L(車両信頼性)_XQ5.xlsx,,,,,,YES,,,,,,,,,ccm: None,YES,,,,,,,,,ccm: None,,,,,,,,,,,,,,,,,,,,,,,,,,1,,,,,,,,
,MSTR-009-0192800-d0003,,,,,,,,,,,,,,,,,,,,,,,,,,,,,,,,,,,,,,,,,,,,,,,,,,,,,,,,,,,,,,,,,,,,,,,,,,,,,,,,,,,,,,,,,,,,,,,,,関連表1_L(車両信頼性)_XQ5.xlsx,,,,,,YES,,,,,,,,,ccm: None,YES,,,,,,,,,ccm: None,,,,,,,,,,,,,,,,,,,,,,,,,,,,1,,,,,,
,MSTR-009-0192800-d0004,,,,,,,,,,,,,,,,,,,,,,,,,,,,,,,,,,,,,,,,,,,,,,,,,,,,,,,,,,,,,,,,,,,,,,,,,,,,,,,,,,,,,,,,,,,,,,,,,関連表1_L(車両信頼性)_XQ5.xlsx,,,,,,YES,,,,,,,,,ccm: None,YES,,,,,,,,,ccm: None,,,,,,,,,,,,,,,,,,,,,,,,,,,,,1,,,,,
,MSTR-009-0192800-d0005,,,,,,,,,,,,,,,,,,,,,,,,,,,,,,,,,,,,,,,,,,,,,,,,,,,,,,,,,,,,,,,,,,,,,,,,,,,,,,,,,,,,,,,,,,,,,,,,,関連表1_L(車両信頼性)_XQ5.xlsx,,,,,,YES,,,,,,,,,ccm: None,YES,,,,,,,,,ccm: None,,,,,,,,,,,,,,,,,,,,,,,,,,,,,,,,1,,
,MSTR-009-0192800-d0006,,,,,,,,,,,,,,,,,,,,,,,,,,,,,,,,,,,,,,,,,,,,,,,,,,,,,,,,,,,,,,,,,,,,,,,,,,,,,,,,,,,,,,,,,,,,,,,,,関連表1_L(車両信頼性)_XQ5.xlsx,,,,,,YES,,,,,,,,,ccm: None,YES,,,,,,,,,ccm: None,,,,,,,,,,,,,,,,,,,,,,,,,,,1,,,,,,,
,MSTR-009-0192800-d0007,,,,,,,,,,,,,,,,,,,,,,,,,,,,,,,,,,,,,,,,,,,,,,,,,,,,,,,,,,,,,,,,,,,,,,,,,,,,,,,,,,,,,,,,,,,,,,,,,関連表1_L(車両信頼性)_XQ5.xlsx,,,,,,YES,,,,,,,,,ccm: None,YES,,,,,,,,,ccm: None,,,,,,,,,,,,,,,,,,,,,,,,,,,,1,,,,,,
,MSTR-009-0192800-d0008,,,,,,,,,,,,,,,,,,,,,,,,,,,,,,,,,,,,,,,,,,,,,,,,,,,,,,,,,,,,,,,,,,,,,,,,,,,,,,,,,,,,,,,,,,,,,,,,,関連表1_L(車両信頼性)_XQ5.xlsx,,,,,,YES,,,,,,,,,ccm: None,YES,,,,,,,,,ccm: None,,,,,,,,,,,,,,,1,,,,,,,,,,,,,,,,,,,
,MSTR-009-0192800-d0009,,,,,,,,,,,,,,,,,,,,,,,,,,,,,,,,,,,,,,,,,,,,,,,,,,,,,,,,,,,,,,,,,,,,,,,,,,,,,,,,,,,,,,,,,,,,,,,,,関連表1_L(車両信頼性)_XQ5.xlsx,,,,,,YES,,,,,,,,,ccm: None,YES,,,,,,,,,ccm: None,,,,,,,,,,,,,,,,1,,,,,,,,,,,,,,,,,,
,MSTR-009-0192900,,,,,,,,,,,,,,,,,,,,,,,,,,,,,,,,,,,,,,,,,,,,,,,,,,,,,,,,,,,,,,,,,,,,,,,,,,,,,,,,,,,,,,,,,,,,,,,,,関連表1_L(車両信頼性)_XQ5.xlsx,,,,,,YES,,,,,,,,,ccm: None,YES,,,,,,,,,ccm: None,,,,,,,,,,,,,1,,,,,,,,,,,,,,,,,,,,,
,MSTR-009-0192900-d0001,,,,,,,,,,,,,,,,,,,,,,,,,,,,,,,,,,,,,,,,,,,,,,,,,,,,,,,,,,,,,,,,,,,,,,,,,,,,,,,,,,,,,,,,,,,,,,,,,関連表1_L(車両信頼性)_XQ5.xlsx,,,,,,YES,,,,,,,,,ccm: None,YES,,,,,,,,,ccm: None,,,,,,,,,,,,,,,,1,,,,,,,,1,,,,,,,,,,
,MSTR-009-0192900-d00010,,,,,,,,,,,,,,,,,,,,,,,,,,,,,,,,,,,,,,,,,,,,,,,,,,,,,,,,,,,,,,,,,,,,,,,,,,,,,,,,,,,,,,,,,,,,,,,,,関連表1_L(車両信頼性)_XQ5.xlsx,,,,,,YES,,,,,,,,,ccm: None,YES,,,,,,,,,ccm: None,,,,,,,,,,,,,,,,,1,,,,,,,,,,,,,,,,,
,MSTR-009-0192900-d0002,,,,,,,,,,,,,,,,,,,,,,,,,,,,,,,,,,,,,,,,,,,,,,,,,,,,,,,,,,,,,,,,,,,,,,,,,,,,,,,,,,,,,,,,,,,,,,,,,関連表1_L(車両信頼性)_XQ5.xlsx,,,,,,YES,,,,,,,,,ccm: None,YES,,,,,,,,,ccm: None,,,,,,,,,,,,,,,,,,,,,,,,,1,,,,,,,,,
,MSTR-009-0192900-d0003,,,,,,,,,,,,,,,,,,,,,,,,,,,,,,,,,,,,,,,,,,,,,,,,,,,,,,,,,,,,,,,,,,,,,,,,,,,,,,,,,,,,,,,,,,,,,,,,,関連表1_L(車両信頼性)_XQ5.xlsx,,,,,,YES,,,,,,,,,ccm: None,YES,,,,,,,,,ccm: None,,,,,,,,,,,,,,,,,,,,,,,,,,,,1,,,,,,
,MSTR-009-0192900-d0004,,,,,,,,,,,,,,,,,,,,,,,,,,,,,,,,,,,,,,,,,,,,,,,,,,,,,,,,,,,,,,,,,,,,,,,,,,,,,,,,,,,,,,,,,,,,,,,,,関連表1_L(車両信頼性)_XQ5.xlsx,,,,,,YES,,,,,,,,,ccm: None,YES,,,,,,,,,ccm: None,,,,,,,,,,,,,,,,,,,,,,,,,,,,,1,,,,,
,MSTR-009-0192900-d0005,,,,,,,,,,,,,,,,,,,,,,,,,,,,,,,,,,,,,,,,,,,,,,,,,,,,,,,,,,,,,,,,,,,,,,,,,,,,,,,,,,,,,,,,,,,,,,,,,関連表1_L(車両信頼性)_XQ5.xlsx,,,,,,YES,,,,,,,,,ccm: None,YES,,,,,,,,,ccm: None,,,,,,,,,,,,,,,,,,,,,,,,,,,,,,,,1,,
,MSTR-009-0192900-d0006,,,,,,,,,,,,,,,,,,,,,,,,,,,,,,,,,,,,,,,,,,,,,,,,,,,,,,,,,,,,,,,,,,,,,,,,,,,,,,,,,,,,,,,,,,,,,,,,,関連表1_L(車両信頼性)_XQ5.xlsx,,,,,,YES,,,,,,,,,ccm: None,YES,,,,,,,,,ccm: None,,,,,,,,,,,,,,,,,,,,,,,,,,,1,,,,,,,
,MSTR-009-0192900-d0007,,,,,,,,,,,,,,,,,,,,,,,,,,,,,,,,,,,,,,,,,,,,,,,,,,,,,,,,,,,,,,,,,,,,,,,,,,,,,,,,,,,,,,,,,,,,,,,,,関連表1_L(車両信頼性)_XQ5.xlsx,,,,,,YES,,,,,,,,,ccm: None,YES,,,,,,,,,ccm: None,,,,,,,,,,,,,,,,,,,,,,,,,,,,1,,,,,,
,MSTR-009-0192900-d0008,,,,,,,,,,,,,,,,,,,,,,,,,,,,,,,,,,,,,,,,,,,,,,,,,,,,,,,,,,,,,,,,,,,,,,,,,,,,,,,,,,,,,,,,,,,,,,,,,関連表1_L(車両信頼性)_XQ5.xlsx,,,,,,YES,,,,,,,,,ccm: None,YES,,,,,,,,,ccm: None,,,,,,,,,,,,,,,1,,,,,,,,,,,,,,,,,,,
,MSTR-009-0192900-d0009,,,,,,,,,,,,,,,,,,,,,,,,,,,,,,,,,,,,,,,,,,,,,,,,,,,,,,,,,,,,,,,,,,,,,,,,,,,,,,,,,,,,,,,,,,,,,,,,,関連表1_L(車両信頼性)_XQ5.xlsx,,,,,,YES,,,,,,,,,ccm: None,YES,,,,,,,,,ccm: None,,,,,,,,,,,,,,,,1,,,,,,,,,,,,,,,,,,
,MSTR-009-0193000,,,,,,,,,,,,,,,,,,,,,,,,,,,,,,,,,,,,,,,,,,,,,,,,,,,,,,,,,,,,,,,,,,,,,,,,,,,,,,,,,,,,,,,,,,,,,,,,,関連表1_L(車両信頼性)_XQ5.xlsx,,,,,,YES,,,,,,,,,,YES,,,,,,,,,,,,,,,,,,,,,,,,,,,,,,,,,,,,,,,,,,要望仕様が存在しない,SUSPENSION TYPE: ALL
,MSTR-009-0193100,,,,,,,,,,,,,,,,,,,,,,,,,,,,,,,,,,,,,,,,,,,,,,,,,,,,,,,,,,,,,,,,,,,,,,,,,,,,,,,,,,,,,,,,,,,,,,,,,関連表1_L(車両信頼性)_XQ5.xlsx,,,,,,YES,,,,,,,,,,YES,,,,,,,,,,,,,,,,,,,,,,,,,,,,,,,,,,,,,,,,,,要望仕様が存在しない,SUSPENSION TYPE: ALL
,MSTR-009-0193200,,,,,,,,,,,,,,,,,,,,,,,,,,,,,,,,,,,,,,,,,,,,,,,,,,,,,,,,,,,,,,,,,,,,,,,,,,,,,,,,,,,,,,,,,,,,,,,,,関連表1_L(車両信頼性)_XQ5.xlsx,,,,,,YES,,,,,,,,,,YES,,,,,,,,,,,,,,,,,,,,,,,,,,,,,,,,,,,,,,,,,,要望仕様が存在しない,SUSPENSION TYPE: ALL
,MSTR-009-0193300,,,,,,,,,,,,,,,,,,,,,,,,,,,,,,,,,,,,,,,,,,,,,,,,,,,,,,,,,,,,,,,,,,,,,,,,,,,,,,,,,,,,,,,,,,,,,,,,,関連表1_L(車両信頼性)_XQ5.xlsx,,,,,,YES,,,,,,,,,,YES,,,,,,,,,,,,,,,,,,,,,,,,,,,,,,,,,,,,,,,,,,要望仕様が存在しない,SUSPENSION TYPE: ALL
,MSTR-009-0193400,,,,,,,,,,,,,,,,,,,,,,,,,,,,,,,,,,,,,,,,,,,,,,,,,,,,,,,,,,,,,,,,,,,,,,,,,,,,,,,,,,,,,,,,,,,,,,,,,関連表1_L(車両信頼性)_XQ5.xlsx,,,,,,YES,,,,,,,,,,YES,,,,,,,,,,,,,,,,,,,,,,,,,,,,,,,,,,,,,,,,,,要望仕様が存在しない,SUSPENSION TYPE: ALL
,MSTR-009-0193500,,,,,,,,,,,,,,,,,,,,,,,,,,,,,,,,,,,,,,,,,,,,,,,,,,,,,,,,,,,,,,,,,,,,,,,,,,,,,,,,,,,,,,,,,,,,,,,,,関連表1_L(車両信頼性)_XQ5.xlsx,,,,,,YES,,,,,,,,,,YES,,,,,,,,,,,,,,,,,,,,,,,,,,,,,,,,,,,,,,,,,,要望仕様が存在しない,SUSPENSION TYPE: ALL
,MSTR-009-0193600,,,,,,,,,,,,,,,,,,,,,,,,,,,,,,,,,,,,,,,,,,,,,,,,,,,,,,,,,,,,,,,,,,,,,,,,,,,,,,,,,,,,,,,,,,,,,,,,,関連表1_L(車両信頼性)_XQ5.xlsx,,,,,,YES,,,,,,,,,,YES,,,,,,,,,,,,,,,,,,,,,,,,,,,,,,,,,,,,,,,,,,要望仕様が存在しない,SUSPENSION TYPE: ALL
,MSTR-009-0193700,,,,,,,,,,,,,,,,,,,,,,,,,,,,,,,,,,,,,,,,,,,,,,,,,,,,,,,,,,,,,,,,,,,,,,,,,,,,,,,,,,,,,,,,,,,,,,,,,関連表1_L(車両信頼性)_XQ5.xlsx,,,,,,YES,,,,,,,,,,YES,,,,,,,,,,,,,,,,,,,,,,,,,,,,,,,,,,,,,,,,,,要望仕様が存在しない,SUSPENSION TYPE: ALL
,MSTR-009-0193800,,,,,,,,,,,,,,,,,,,,,,,,,,,,,,,,,,,,,,,,,,,,,,,,,,,,,,,,,,,,,,,,,,,,,,,,,,,,,,,,,,,,,,,,,,,,,,,,,関連表1_L(車両信頼性)_XQ5.xlsx,,,,,,YES,,,,,,,,,,YES,,,,,,,,,,,,,,,,,,,,,,,,,,,,,,,,,,,,,,,,,,要望仕様が存在しない,SUSPENSION TYPE: ALL
,MSTR-009-0193900,,,,,,,,,,,,,,,,,,,,,,,,,,,,,,,,,,,,,,,,,,,,,,,,,,,,,,,,,,,,,,,,,,,,,,,,,,,,,,,,,,,,,,,,,,,,,,,,,関連表1_L(車両信頼性)_XQ5.xlsx,,,,,,YES,,,,,,,,,,YES,,,,,,,,,,,,,,,,,,,,,,,,,,,,,,,,,,,,,,,,,,要望仕様が存在しない,SUSPENSION TYPE: ALL
